-- MySQL dump 10.16  Distrib 10.1.19-MariaDB, for Linux (x86_64)
--
-- Host: localhost    Database: localhost
-- ------------------------------------------------------
-- Server version	10.1.19-MariaDB

/*!40101 SET @OLD_CHARACTER_SET_CLIENT=@@CHARACTER_SET_CLIENT */;
/*!40101 SET @OLD_CHARACTER_SET_RESULTS=@@CHARACTER_SET_RESULTS */;
/*!40101 SET @OLD_COLLATION_CONNECTION=@@COLLATION_CONNECTION */;
/*!40101 SET NAMES utf8 */;
/*!40103 SET @OLD_TIME_ZONE=@@TIME_ZONE */;
/*!40103 SET TIME_ZONE='+00:00' */;
/*!40014 SET @OLD_UNIQUE_CHECKS=@@UNIQUE_CHECKS, UNIQUE_CHECKS=0 */;
/*!40014 SET @OLD_FOREIGN_KEY_CHECKS=@@FOREIGN_KEY_CHECKS, FOREIGN_KEY_CHECKS=0 */;
/*!40101 SET @OLD_SQL_MODE=@@SQL_MODE, SQL_MODE='NO_AUTO_VALUE_ON_ZERO' */;
/*!40111 SET @OLD_SQL_NOTES=@@SQL_NOTES, SQL_NOTES=0 */;

--
-- Table structure for table `calculation_tables`
--

DROP TABLE IF EXISTS `calculation_tables`;
/*!40101 SET @saved_cs_client     = @@character_set_client */;
/*!40101 SET character_set_client = utf8 */;
CREATE TABLE `calculation_tables` (
  `real_Calculation_ID` int(10) unsigned NOT NULL AUTO_INCREMENT,
  `galaxy_ID` bigint(30) unsigned NOT NULL,
  `method_ID` int(20) unsigned NOT NULL,
  `redshift_result` float NOT NULL,
  `updated_at` timestamp NOT NULL DEFAULT CURRENT_TIMESTAMP ON UPDATE CURRENT_TIMESTAMP,
  `created_at` timestamp NOT NULL DEFAULT '0000-00-00 00:00:00',
  PRIMARY KEY (`real_Calculation_ID`),
  KEY `galaxy_ID` (`galaxy_ID`),
  KEY `method_ID` (`method_ID`),
  CONSTRAINT `calculation_tables_ibfk_1` FOREIGN KEY (`galaxy_ID`) REFERENCES `redshift_tables` (`calculation_ID`),
  CONSTRAINT `calculation_tables_ibfk_2` FOREIGN KEY (`method_ID`) REFERENCES `method_tables` (`method_id`)
) ENGINE=InnoDB AUTO_INCREMENT=213 DEFAULT CHARSET=utf8;
/*!40101 SET character_set_client = @saved_cs_client */;

--
-- Dumping data for table `calculation_tables`
--

LOCK TABLES `calculation_tables` WRITE;
/*!40000 ALTER TABLE `calculation_tables` DISABLE KEYS */;
INSERT INTO `calculation_tables` VALUES (34,1824,2,1,'2020-06-09 12:27:19','2020-06-09 12:27:19'),(35,1835,3,-1,'2020-06-09 12:45:26','2020-06-09 12:45:26'),(36,1836,2,-1,'2020-06-09 12:46:04','2020-06-09 12:46:04'),(37,1837,2,-1,'2020-06-09 12:46:35','2020-06-09 12:46:35'),(38,1838,2,-1,'2020-06-09 12:47:14','2020-06-09 12:47:14'),(39,1839,1,-1,'2020-06-09 12:51:46','2020-06-09 12:51:46'),(40,1840,3,-1,'2020-06-09 12:54:04','2020-06-09 12:54:04'),(41,1841,1,-1,'2020-06-09 12:55:30','2020-06-09 12:55:30'),(42,1845,1,-1,'2020-06-09 13:01:04','2020-06-09 13:01:04'),(43,1846,1,-1,'2020-06-09 13:04:58','2020-06-09 13:04:58'),(44,1847,1,3.46154,'2020-06-09 13:07:51','2020-06-09 13:07:51'),(45,1848,2,12,'2020-06-09 13:08:10','2020-06-09 13:08:10'),(46,2028,2,144,'2020-06-09 13:46:13','2020-06-09 13:46:13'),(47,2027,2,132,'2020-06-09 13:46:13','2020-06-09 13:46:13'),(48,2026,2,120,'2020-06-09 13:46:13','2020-06-09 13:46:13'),(49,2025,2,108,'2020-06-09 13:46:13','2020-06-09 13:46:13'),(50,2024,2,96,'2020-06-09 13:46:13','2020-06-09 13:46:13'),(51,2023,2,84,'2020-06-09 13:46:13','2020-06-09 13:46:13'),(52,2022,2,72,'2020-06-09 13:46:13','2020-06-09 13:46:13'),(53,2021,2,60,'2020-06-09 13:46:13','2020-06-09 13:46:13'),(54,2020,2,48,'2020-06-09 13:46:13','2020-06-09 13:46:13'),(55,2019,2,36,'2020-06-09 13:46:13','2020-06-09 13:46:13'),(56,2018,2,24,'2020-06-09 13:46:13','2020-06-09 13:46:13'),(57,2017,2,12,'2020-06-09 13:46:13','2020-06-09 13:46:13'),(58,2040,3,-144,'2020-06-09 13:46:54','2020-06-09 13:46:54'),(59,2039,3,-132,'2020-06-09 13:46:54','2020-06-09 13:46:54'),(60,2038,3,-120,'2020-06-09 13:46:54','2020-06-09 13:46:54'),(61,2037,3,-108,'2020-06-09 13:46:54','2020-06-09 13:46:54'),(62,2036,3,-96,'2020-06-09 13:46:54','2020-06-09 13:46:54'),(63,2035,3,-84,'2020-06-09 13:46:54','2020-06-09 13:46:54'),(64,2034,3,-72,'2020-06-09 13:46:54','2020-06-09 13:46:54'),(65,2033,3,-60,'2020-06-09 13:46:54','2020-06-09 13:46:54'),(66,2032,3,-48,'2020-06-09 13:46:54','2020-06-09 13:46:54'),(67,2031,3,-36,'2020-06-09 13:46:54','2020-06-09 13:46:54'),(68,2030,3,-24,'2020-06-09 13:46:54','2020-06-09 13:46:54'),(69,2029,3,-12,'2020-06-09 13:46:54','2020-06-09 13:46:54'),(70,2076,2,12,'2020-06-09 14:44:47','2020-06-09 14:44:47'),(71,2075,2,24,'2020-06-09 14:44:47','2020-06-09 14:44:47'),(72,2074,2,36,'2020-06-09 14:44:47','2020-06-09 14:44:47'),(73,2073,2,48,'2020-06-09 14:44:47','2020-06-09 14:44:47'),(74,2072,2,60,'2020-06-09 14:44:47','2020-06-09 14:44:47'),(75,2071,2,72,'2020-06-09 14:44:47','2020-06-09 14:44:47'),(76,2070,2,84,'2020-06-09 14:44:47','2020-06-09 14:44:47'),(77,2069,2,96,'2020-06-09 14:44:47','2020-06-09 14:44:47'),(78,2068,2,108,'2020-06-09 14:44:47','2020-06-09 14:44:47'),(79,2067,2,120,'2020-06-09 14:44:47','2020-06-09 14:44:47'),(80,2066,2,132,'2020-06-09 14:44:47','2020-06-09 14:44:47'),(81,2065,2,144,'2020-06-09 14:44:47','2020-06-09 14:44:47'),(82,2064,2,12,'2020-06-09 14:44:47','2020-06-09 14:44:47'),(83,2063,2,24,'2020-06-09 14:44:47','2020-06-09 14:44:47'),(84,2062,2,36,'2020-06-09 14:44:47','2020-06-09 14:44:47'),(85,2061,2,48,'2020-06-09 14:44:47','2020-06-09 14:44:47'),(86,2060,2,60,'2020-06-09 14:44:47','2020-06-09 14:44:47'),(87,2059,2,72,'2020-06-09 14:44:47','2020-06-09 14:44:47'),(88,2058,2,84,'2020-06-09 14:44:47','2020-06-09 14:44:47'),(89,2057,2,96,'2020-06-09 14:44:47','2020-06-09 14:44:47'),(90,2056,2,108,'2020-06-09 14:44:47','2020-06-09 14:44:47'),(91,2055,2,120,'2020-06-09 14:44:47','2020-06-09 14:44:47'),(92,2054,2,132,'2020-06-09 14:44:47','2020-06-09 14:44:47'),(93,2053,2,144,'2020-06-09 14:44:47','2020-06-09 14:44:47'),(94,2052,2,12,'2020-06-09 14:44:47','2020-06-09 14:44:47'),(95,2051,2,45,'2020-06-09 14:44:47','2020-06-09 14:44:47'),(96,2050,2,1255,'2020-06-09 14:44:47','2020-06-09 14:44:47'),(97,2049,2,58,'2020-06-09 14:44:47','2020-06-09 14:44:47'),(98,2048,2,5455,'2020-06-09 14:44:47','2020-06-09 14:44:47'),(99,2047,2,38,'2020-06-09 14:44:47','2020-06-09 14:44:47'),(100,2046,2,24,'2020-06-09 14:44:47','2020-06-09 14:44:47'),(101,2045,2,34,'2020-06-09 14:44:47','2020-06-09 14:44:47'),(102,2044,2,12,'2020-06-09 14:44:47','2020-06-09 14:44:47'),(103,2043,2,12,'2020-06-09 14:44:47','2020-06-09 14:44:47'),(104,2042,2,12,'2020-06-09 14:44:47','2020-06-09 14:44:47'),(105,2041,2,13,'2020-06-09 14:44:47','2020-06-09 14:44:47'),(106,2112,1,0.923077,'2020-06-09 15:31:55','2020-06-09 15:31:55'),(107,2111,1,1.84615,'2020-06-09 15:31:55','2020-06-09 15:31:55'),(108,2110,1,2.76923,'2020-06-09 15:31:55','2020-06-09 15:31:55'),(109,2109,1,3.69231,'2020-06-09 15:31:55','2020-06-09 15:31:55'),(110,2108,1,4.61538,'2020-06-09 15:31:55','2020-06-09 15:31:55'),(111,2107,1,5.53846,'2020-06-09 15:31:55','2020-06-09 15:31:55'),(112,2106,1,6.46154,'2020-06-09 15:31:55','2020-06-09 15:31:55'),(113,2105,1,7.38462,'2020-06-09 15:31:55','2020-06-09 15:31:55'),(114,2104,1,8.30769,'2020-06-09 15:31:55','2020-06-09 15:31:55'),(115,2103,1,9.23077,'2020-06-09 15:31:55','2020-06-09 15:31:55'),(116,2102,1,10.1538,'2020-06-09 15:31:55','2020-06-09 15:31:55'),(117,2101,1,11.0769,'2020-06-09 15:31:55','2020-06-09 15:31:55'),(118,2100,1,0.923077,'2020-06-09 15:31:55','2020-06-09 15:31:55'),(119,2099,1,1.84615,'2020-06-09 15:31:55','2020-06-09 15:31:55'),(120,2098,1,2.76923,'2020-06-09 15:31:55','2020-06-09 15:31:55'),(121,2097,1,3.69231,'2020-06-09 15:31:55','2020-06-09 15:31:55'),(122,2096,1,4.61538,'2020-06-09 15:31:55','2020-06-09 15:31:55'),(123,2095,1,5.53846,'2020-06-09 15:31:55','2020-06-09 15:31:55'),(124,2094,1,6.46154,'2020-06-09 15:31:55','2020-06-09 15:31:55'),(125,2093,1,7.38462,'2020-06-09 15:31:55','2020-06-09 15:31:55'),(126,2092,1,8.30769,'2020-06-09 15:31:55','2020-06-09 15:31:55'),(127,2091,1,9.23077,'2020-06-09 15:31:55','2020-06-09 15:31:55'),(128,2090,1,10.1538,'2020-06-09 15:31:55','2020-06-09 15:31:55'),(129,2089,1,11.0769,'2020-06-09 15:31:55','2020-06-09 15:31:55'),(130,2088,1,0.923077,'2020-06-09 15:31:55','2020-06-09 15:31:55'),(131,2087,1,3.46154,'2020-06-09 15:31:55','2020-06-09 15:31:55'),(132,2086,1,96.5385,'2020-06-09 15:31:55','2020-06-09 15:31:55'),(133,2085,1,4.46154,'2020-06-09 15:31:55','2020-06-09 15:31:55'),(134,2084,1,419.615,'2020-06-09 15:31:55','2020-06-09 15:31:55'),(135,2083,1,2.92308,'2020-06-09 15:31:55','2020-06-09 15:31:55'),(136,2082,1,1.84615,'2020-06-09 15:31:55','2020-06-09 15:31:55'),(137,2081,1,2.61538,'2020-06-09 15:31:55','2020-06-09 15:31:55'),(138,2080,1,0.923077,'2020-06-09 15:31:55','2020-06-09 15:31:55'),(139,2079,1,0.923077,'2020-06-09 15:31:55','2020-06-09 15:31:55'),(140,2078,1,0.923077,'2020-06-09 15:31:55','2020-06-09 15:31:55'),(141,2077,1,1,'2020-06-09 15:31:55','2020-06-09 15:31:55'),(142,2148,1,1,'2020-06-09 15:33:54','2020-06-09 15:33:54'),(143,2147,1,2,'2020-06-09 15:33:54','2020-06-09 15:33:54'),(144,2146,1,3,'2020-06-09 15:33:55','2020-06-09 15:33:55'),(145,2145,1,4,'2020-06-09 15:33:55','2020-06-09 15:33:55'),(146,2144,1,5,'2020-06-09 15:33:55','2020-06-09 15:33:55'),(147,2143,1,6,'2020-06-09 15:33:55','2020-06-09 15:33:55'),(148,2142,1,7,'2020-06-09 15:33:55','2020-06-09 15:33:55'),(149,2141,1,8,'2020-06-09 15:33:55','2020-06-09 15:33:55'),(150,2140,1,9,'2020-06-09 15:33:55','2020-06-09 15:33:55'),(151,2139,1,10,'2020-06-09 15:33:55','2020-06-09 15:33:55'),(152,2138,1,11,'2020-06-09 15:33:55','2020-06-09 15:33:55'),(153,2137,1,12,'2020-06-09 15:33:55','2020-06-09 15:33:55'),(154,2136,1,1,'2020-06-09 15:33:55','2020-06-09 15:33:55'),(155,2135,1,2,'2020-06-09 15:33:55','2020-06-09 15:33:55'),(156,2134,1,3,'2020-06-09 15:33:55','2020-06-09 15:33:55'),(157,2133,1,4,'2020-06-09 15:33:55','2020-06-09 15:33:55'),(158,2132,1,5,'2020-06-09 15:33:55','2020-06-09 15:33:55'),(159,2131,1,6,'2020-06-09 15:33:55','2020-06-09 15:33:55'),(160,2130,1,7,'2020-06-09 15:33:55','2020-06-09 15:33:55'),(161,2129,1,8,'2020-06-09 15:33:55','2020-06-09 15:33:55'),(162,2128,1,9,'2020-06-09 15:33:55','2020-06-09 15:33:55'),(163,2127,1,10,'2020-06-09 15:33:55','2020-06-09 15:33:55'),(164,2126,1,11,'2020-06-09 15:33:55','2020-06-09 15:33:55'),(165,2125,1,12,'2020-06-09 15:33:55','2020-06-09 15:33:55'),(166,2124,1,1,'2020-06-09 15:33:55','2020-06-09 15:33:55'),(167,2123,1,3.75,'2020-06-09 15:33:55','2020-06-09 15:33:55'),(168,2122,1,104.583,'2020-06-09 15:33:55','2020-06-09 15:33:55'),(169,2121,1,4.83333,'2020-06-09 15:33:55','2020-06-09 15:33:55'),(170,2120,1,454.583,'2020-06-09 15:33:55','2020-06-09 15:33:55'),(171,2119,1,3.16667,'2020-06-09 15:33:55','2020-06-09 15:33:55'),(172,2118,1,2,'2020-06-09 15:33:55','2020-06-09 15:33:55'),(173,2117,1,2.83333,'2020-06-09 15:33:55','2020-06-09 15:33:55'),(174,2116,1,1,'2020-06-09 15:33:55','2020-06-09 15:33:55'),(175,2115,1,1,'2020-06-09 15:33:55','2020-06-09 15:33:55'),(176,2114,1,1,'2020-06-09 15:33:55','2020-06-09 15:33:55'),(177,2113,1,1.08333,'2020-06-09 15:33:55','2020-06-09 15:33:55'),(178,2161,1,13,'2020-06-09 15:36:13','2020-06-09 15:36:13'),(179,2160,1,12,'2020-06-09 15:36:13','2020-06-09 15:36:13'),(180,2159,1,11,'2020-06-09 15:36:13','2020-06-09 15:36:13'),(181,2158,1,10,'2020-06-09 15:36:13','2020-06-09 15:36:13'),(182,2157,1,9,'2020-06-09 15:36:13','2020-06-09 15:36:13'),(183,2156,1,8,'2020-06-09 15:36:13','2020-06-09 15:36:13'),(184,2155,1,7,'2020-06-09 15:36:14','2020-06-09 15:36:14'),(185,2154,1,6,'2020-06-09 15:36:14','2020-06-09 15:36:14'),(186,2153,1,5,'2020-06-09 15:36:14','2020-06-09 15:36:14'),(187,2152,1,4,'2020-06-09 15:36:14','2020-06-09 15:36:14'),(188,2151,1,3,'2020-06-09 15:36:14','2020-06-09 15:36:14'),(189,2150,1,2,'2020-06-09 15:36:14','2020-06-09 15:36:14'),(190,2149,1,1,'2020-06-09 15:36:14','2020-06-09 15:36:14'),(191,2162,2,1340,'2020-06-09 16:30:05','2020-06-09 16:30:05'),(192,2163,1,12,'2020-06-09 16:37:17','2020-06-09 16:37:17'),(193,2164,3,-144,'2020-06-09 16:37:32','2020-06-09 16:37:32'),(194,2165,2,144,'2020-06-09 16:37:41','2020-06-09 16:37:41'),(195,2166,2,48,'2020-06-09 16:38:00','2020-06-09 16:38:00'),(196,2167,1,4,'2020-06-09 16:38:12','2020-06-09 16:38:12'),(197,2168,3,-48,'2020-06-09 16:38:31','2020-06-09 16:38:31'),(198,2169,1,20.5833,'2020-06-09 16:39:39','2020-06-09 16:39:39'),(199,2177,1,20.5833,'2020-06-09 16:40:56','2020-06-09 16:40:56'),(200,2176,1,4,'2020-06-09 16:40:56','2020-06-09 16:40:56'),(201,2175,1,4,'2020-06-09 16:40:56','2020-06-09 16:40:56'),(202,2174,1,4,'2020-06-09 16:40:56','2020-06-09 16:40:56'),(203,2173,1,12,'2020-06-09 16:40:56','2020-06-09 16:40:56'),(204,2172,1,12,'2020-06-09 16:40:56','2020-06-09 16:40:56'),(205,2171,1,12,'2020-06-09 16:40:56','2020-06-09 16:40:56'),(206,2170,1,111.667,'2020-06-09 16:40:56','2020-06-09 16:40:56'),(207,2178,2,1106,'2020-06-09 16:44:35','2020-06-09 16:44:35'),(208,2179,1,184.333,'2020-06-09 16:53:33','2020-06-09 16:53:33'),(209,2180,1,184.75,'2020-06-09 16:54:15','2020-06-09 16:54:15'),(210,2181,1,217545,'2020-06-18 23:30:40','2020-06-18 23:30:40'),(211,2182,1,34741.8,'2020-06-19 03:03:28','2020-06-19 03:03:28'),(212,2183,1,34741.8,'2020-06-19 03:04:20','2020-06-19 03:04:20');
/*!40000 ALTER TABLE `calculation_tables` ENABLE KEYS */;
UNLOCK TABLES;

--
-- Table structure for table `method_tables`
--

DROP TABLE IF EXISTS `method_tables`;
/*!40101 SET @saved_cs_client     = @@character_set_client */;
/*!40101 SET character_set_client = utf8 */;
CREATE TABLE `method_tables` (
  `method_id` int(10) unsigned NOT NULL AUTO_INCREMENT,
  `python_script_path` text NOT NULL,
  `created_at` timestamp NOT NULL DEFAULT CURRENT_TIMESTAMP ON UPDATE CURRENT_TIMESTAMP,
  `updated_at` timestamp NOT NULL DEFAULT '0000-00-00 00:00:00',
  PRIMARY KEY (`method_id`)
) ENGINE=InnoDB AUTO_INCREMENT=4 DEFAULT CHARSET=utf8;
/*!40101 SET character_set_client = @saved_cs_client */;

--
-- Dumping data for table `method_tables`
--

LOCK TABLES `method_tables` WRITE;
/*!40000 ALTER TABLE `method_tables` DISABLE KEYS */;
INSERT INTO `method_tables` VALUES (1,'mean.py','2020-06-09 21:19:06','2020-06-09 21:19:06'),(2,'sum.py','2020-06-09 21:20:04','2020-06-09 21:20:04'),(3,'minus.py','2020-06-09 21:20:27','2020-06-09 21:20:27');
/*!40000 ALTER TABLE `method_tables` ENABLE KEYS */;
UNLOCK TABLES;

--
-- Table structure for table `migrations`
--

DROP TABLE IF EXISTS `migrations`;
/*!40101 SET @saved_cs_client     = @@character_set_client */;
/*!40101 SET character_set_client = utf8 */;
CREATE TABLE `migrations` (
  `id` int(10) unsigned NOT NULL AUTO_INCREMENT,
  `migration` varchar(191) COLLATE utf8mb4_unicode_ci NOT NULL,
  `batch` int(11) NOT NULL,
  PRIMARY KEY (`id`)
) ENGINE=InnoDB AUTO_INCREMENT=4 DEFAULT CHARSET=utf8mb4 COLLATE=utf8mb4_unicode_ci;
/*!40101 SET character_set_client = @saved_cs_client */;

--
-- Dumping data for table `migrations`
--

LOCK TABLES `migrations` WRITE;
/*!40000 ALTER TABLE `migrations` DISABLE KEYS */;
INSERT INTO `migrations` VALUES (1,'2014_10_12_000000_create_users_table',1),(2,'2014_10_12_100000_create_password_resets_table',1),(3,'2020_05_21_040002_create_redshift_tables',1);
/*!40000 ALTER TABLE `migrations` ENABLE KEYS */;
UNLOCK TABLES;

--
-- Table structure for table `password_resets`
--

DROP TABLE IF EXISTS `password_resets`;
/*!40101 SET @saved_cs_client     = @@character_set_client */;
/*!40101 SET character_set_client = utf8 */;
CREATE TABLE `password_resets` (
  `email` varchar(191) COLLATE utf8mb4_unicode_ci NOT NULL,
  `token` varchar(191) COLLATE utf8mb4_unicode_ci NOT NULL,
  `created_at` timestamp NULL DEFAULT NULL,
  KEY `password_resets_email_index` (`email`),
  CONSTRAINT `password_resets_ibfk_1` FOREIGN KEY (`email`) REFERENCES `users` (`email`)
) ENGINE=InnoDB DEFAULT CHARSET=utf8mb4 COLLATE=utf8mb4_unicode_ci;
/*!40101 SET character_set_client = @saved_cs_client */;

--
-- Dumping data for table `password_resets`
--

LOCK TABLES `password_resets` WRITE;
/*!40000 ALTER TABLE `password_resets` DISABLE KEYS */;
INSERT INTO `password_resets` VALUES ('test@gmial.ocm','$2y$10$Yi.3LrMTYKyybbAYE51GpOo6K2OUP9Oq6r.j0VBrAOMb/jcKWIKce','2020-05-30 23:24:21'),('test@gmail.com','$2y$10$X/WttrwhOVoF5sK1GS4gleYi3ezGAOlIgjEZ/uURTJa3eqB1ZqEbK','2020-06-09 04:37:50'),('testing@gmail.com','$2y$10$MZ/Xn28Jis2wCXkBk4B82.I85z.pl6pdY6odIRmWWAVTtWv1BGw86','2020-06-09 05:10:39'),('testing@gmail.com','$2y$10$vsx4oOlBxoG.OACZXPVkbeIfkX4WDEBcabkJqjiNQMmax/uzrp4V.','2020-06-09 16:41:34');
/*!40000 ALTER TABLE `password_resets` ENABLE KEYS */;
UNLOCK TABLES;

--
-- Table structure for table `redshift_tables`
--

DROP TABLE IF EXISTS `redshift_tables`;
/*!40101 SET @saved_cs_client     = @@character_set_client */;
/*!40101 SET character_set_client = utf8 */;
CREATE TABLE `redshift_tables` (
  `calculation_ID` bigint(20) unsigned NOT NULL AUTO_INCREMENT,
  `assigned_calc_ID` varchar(191) COLLATE utf8mb4_unicode_ci NOT NULL,
  `optical_u` double(32,2) NOT NULL,
  `optical_g` double(32,2) NOT NULL,
  `optical_r` double(32,2) NOT NULL,
  `optical_i` double(32,2) NOT NULL,
  `optical_z` double(32,2) NOT NULL,
  `infrared_three_six` double(32,2) NOT NULL,
  `infrared_four_five` double(32,2) NOT NULL,
  `infrared_five_eight` double(32,2) NOT NULL,
  `infrared_eight_zero` double(32,2) NOT NULL,
  `infrared_J` double(32,2) NOT NULL,
  `infrared_K` double(32,2) NOT NULL,
  `radio_one_four` double(32,2) NOT NULL,
  `created_at` timestamp NULL DEFAULT NULL,
  `updated_at` timestamp NULL DEFAULT NULL,
  `user_ID` bigint(31) unsigned NOT NULL,
  PRIMARY KEY (`calculation_ID`),
  KEY `user_ID` (`user_ID`),
  CONSTRAINT `redshift_tables_ibfk_1` FOREIGN KEY (`user_ID`) REFERENCES `users` (`id`)
) ENGINE=InnoDB AUTO_INCREMENT=2184 DEFAULT CHARSET=utf8mb4 COLLATE=utf8mb4_unicode_ci;
/*!40101 SET character_set_client = @saved_cs_client */;

--
-- Dumping data for table `redshift_tables`
--

LOCK TABLES `redshift_tables` WRITE;
/*!40000 ALTER TABLE `redshift_tables` DISABLE KEYS */;
INSERT INTO `redshift_tables` VALUES (1824,'1',1.00,1.00,1.00,1.00,1.00,1.00,1.00,1.00,1.00,2.00,1.00,1.00,'2020-06-09 12:27:19','2020-06-09 12:27:19',1),(1825,'1',1.00,1.00,1.00,1.00,1.00,1.00,1.00,1.00,1.00,1.00,1.00,1.00,'2020-06-09 12:33:16','2020-06-09 12:33:16',1),(1826,'1',1.00,1.00,1.00,1.00,1.00,1.00,1.00,1.00,1.00,1.00,1.00,1.00,'2020-06-09 12:34:27','2020-06-09 12:34:27',1),(1827,'1',1.00,1.00,1.00,1.00,1.00,1.00,1.00,1.00,1.00,1.00,1.00,1.00,'2020-06-09 12:37:24','2020-06-09 12:37:24',1),(1828,'1',1.00,1.00,1.00,1.00,1.00,1.00,1.00,1.00,1.00,1.00,1.00,1.00,'2020-06-09 12:37:52','2020-06-09 12:37:52',1),(1829,'1',1.00,1.00,1.00,1.00,1.00,1.00,1.00,1.00,1.00,1.00,1.00,1.00,'2020-06-09 12:38:44','2020-06-09 12:38:44',1),(1830,'1',1.00,1.00,1.00,1.00,1.00,1.00,1.00,1.00,1.00,1.00,1.00,1.00,'2020-06-09 12:40:57','2020-06-09 12:40:57',1),(1831,'1',1.00,1.00,1.00,1.00,1.00,1.00,1.00,1.00,1.00,1.00,1.00,1.00,'2020-06-09 12:41:19','2020-06-09 12:41:19',1),(1832,'1',1.00,1.00,1.00,1.00,1.00,1.00,1.00,1.00,1.00,1.00,1.00,1.00,'2020-06-09 12:41:40','2020-06-09 12:41:40',1),(1833,'1',1.00,1.00,1.00,1.00,1.00,1.00,1.00,1.00,1.00,1.00,1.00,1.00,'2020-06-09 12:42:18','2020-06-09 12:42:18',1),(1834,'1',1.00,1.00,1.00,1.00,1.00,1.00,1.00,1.00,1.00,1.00,1.00,1.00,'2020-06-09 12:43:59','2020-06-09 12:43:59',1),(1835,'1',1.00,1.00,1.00,1.00,1.00,1.00,1.00,1.00,1.00,1.00,1.00,1.00,'2020-06-09 12:45:26','2020-06-09 12:45:26',1),(1836,'sum',1.00,1.00,1.00,1.00,1.00,1.00,1.00,1.00,1.00,1.00,1.00,1.00,'2020-06-09 12:46:04','2020-06-09 12:46:04',1),(1837,'yeah',1.00,1.00,1.00,1.00,1.00,1.00,1.00,1.00,1.00,1.00,1.00,1.00,'2020-06-09 12:46:35','2020-06-09 12:46:35',1),(1838,'22asf',2.00,2.00,2.00,12.00,2.00,2.00,2.00,2.00,2.00,2.00,2.00,2.00,'2020-06-09 12:47:14','2020-06-09 12:47:14',1),(1839,'2',2.00,2.00,2.00,2.00,2.00,2.00,2.00,2.00,2.00,2.00,2.00,2.00,'2020-06-09 12:51:46','2020-06-09 12:51:46',1),(1840,'1',1.00,3.00,1.00,2.00,3.00,4.00,-15.00,5.00,16.00,6.00,6.00,6.00,'2020-06-09 12:54:04','2020-06-09 12:54:04',1),(1841,'341',23.00,234.00,324.00,34.00,234.00,234.00,2342.00,4.00,234.00,324.00,234.00,1234.00,'2020-06-09 12:55:30','2020-06-09 12:55:30',1),(1842,'1',1.00,3.00,1.00,2.00,4.00,5.00,6.00,7.00,8.00,9.00,0.00,12.00,'2020-06-09 12:58:28','2020-06-09 12:58:28',1),(1843,'1',1.00,3.00,1.00,2.00,4.00,5.00,6.00,7.00,8.00,9.00,0.00,12.00,'2020-06-09 12:59:37','2020-06-09 12:59:37',1),(1844,'1',1.00,3.00,1.00,2.00,4.00,5.00,6.00,7.00,8.00,9.00,0.00,12.00,'2020-06-09 13:00:46','2020-06-09 13:00:46',1),(1845,'1',1.00,3.00,1.00,2.00,4.00,5.00,6.00,7.00,8.00,9.00,0.00,12.00,'2020-06-09 13:01:04','2020-06-09 13:01:04',1),(1846,'234',234.00,23.00,123.00,234.00,321.00,2.00,3.00,23.00,123.00,23.00,123.00,23.00,'2020-06-09 13:04:57','2020-06-09 13:04:57',1),(1847,'12',2.00,2.00,2.00,23.00,2.00,2.00,2.00,2.00,2.00,2.00,2.00,2.00,'2020-06-09 13:07:51','2020-06-09 13:07:51',1),(1848,'1',1.00,1.00,1.00,1.00,1.00,1.00,1.00,1.00,1.00,1.00,1.00,1.00,'2020-06-09 13:08:09','2020-06-09 13:08:09',1),(1849,'1',1.00,1.00,1.00,1.00,1.00,1.00,1.00,1.00,1.00,1.00,1.00,1.00,'2020-06-09 13:16:59','2020-06-09 13:16:59',1),(1850,'2',2.00,2.00,2.00,2.00,2.00,2.00,2.00,2.00,2.00,2.00,2.00,2.00,'2020-06-09 13:16:59','2020-06-09 13:16:59',1),(1851,'3',3.00,3.00,3.00,3.00,3.00,3.00,3.00,3.00,3.00,3.00,3.00,3.00,'2020-06-09 13:16:59','2020-06-09 13:16:59',1),(1852,'4',4.00,4.00,4.00,4.00,4.00,4.00,4.00,4.00,4.00,4.00,4.00,4.00,'2020-06-09 13:16:59','2020-06-09 13:16:59',1),(1853,'5',5.00,5.00,5.00,5.00,5.00,5.00,5.00,5.00,5.00,5.00,5.00,5.00,'2020-06-09 13:16:59','2020-06-09 13:16:59',1),(1854,'6',6.00,6.00,6.00,6.00,6.00,6.00,6.00,6.00,6.00,6.00,6.00,6.00,'2020-06-09 13:16:59','2020-06-09 13:16:59',1),(1855,'7',7.00,7.00,7.00,7.00,7.00,7.00,7.00,7.00,7.00,7.00,7.00,7.00,'2020-06-09 13:16:59','2020-06-09 13:16:59',1),(1856,'8',8.00,8.00,8.00,8.00,8.00,8.00,8.00,8.00,8.00,8.00,8.00,8.00,'2020-06-09 13:16:59','2020-06-09 13:16:59',1),(1857,'9',9.00,9.00,9.00,9.00,9.00,9.00,9.00,9.00,9.00,9.00,9.00,9.00,'2020-06-09 13:16:59','2020-06-09 13:16:59',1),(1858,'10',10.00,10.00,10.00,10.00,10.00,10.00,10.00,10.00,10.00,10.00,10.00,10.00,'2020-06-09 13:16:59','2020-06-09 13:16:59',1),(1859,'11',11.00,11.00,11.00,11.00,11.00,11.00,11.00,11.00,11.00,11.00,11.00,11.00,'2020-06-09 13:16:59','2020-06-09 13:16:59',1),(1860,'12',12.00,12.00,12.00,12.00,12.00,12.00,12.00,12.00,12.00,12.00,12.00,12.00,'2020-06-09 13:16:59','2020-06-09 13:16:59',1),(1861,'1',1.00,1.00,1.00,1.00,1.00,1.00,1.00,1.00,1.00,1.00,1.00,1.00,'2020-06-09 13:17:57','2020-06-09 13:17:57',1),(1862,'2',2.00,2.00,2.00,2.00,2.00,2.00,2.00,2.00,2.00,2.00,2.00,2.00,'2020-06-09 13:17:57','2020-06-09 13:17:57',1),(1863,'3',3.00,3.00,3.00,3.00,3.00,3.00,3.00,3.00,3.00,3.00,3.00,3.00,'2020-06-09 13:17:57','2020-06-09 13:17:57',1),(1864,'4',4.00,4.00,4.00,4.00,4.00,4.00,4.00,4.00,4.00,4.00,4.00,4.00,'2020-06-09 13:17:57','2020-06-09 13:17:57',1),(1865,'5',5.00,5.00,5.00,5.00,5.00,5.00,5.00,5.00,5.00,5.00,5.00,5.00,'2020-06-09 13:17:57','2020-06-09 13:17:57',1),(1866,'6',6.00,6.00,6.00,6.00,6.00,6.00,6.00,6.00,6.00,6.00,6.00,6.00,'2020-06-09 13:17:57','2020-06-09 13:17:57',1),(1867,'7',7.00,7.00,7.00,7.00,7.00,7.00,7.00,7.00,7.00,7.00,7.00,7.00,'2020-06-09 13:17:57','2020-06-09 13:17:57',1),(1868,'8',8.00,8.00,8.00,8.00,8.00,8.00,8.00,8.00,8.00,8.00,8.00,8.00,'2020-06-09 13:17:57','2020-06-09 13:17:57',1),(1869,'9',9.00,9.00,9.00,9.00,9.00,9.00,9.00,9.00,9.00,9.00,9.00,9.00,'2020-06-09 13:17:57','2020-06-09 13:17:57',1),(1870,'10',10.00,10.00,10.00,10.00,10.00,10.00,10.00,10.00,10.00,10.00,10.00,10.00,'2020-06-09 13:17:57','2020-06-09 13:17:57',1),(1871,'11',11.00,11.00,11.00,11.00,11.00,11.00,11.00,11.00,11.00,11.00,11.00,11.00,'2020-06-09 13:17:57','2020-06-09 13:17:57',1),(1872,'12',12.00,12.00,12.00,12.00,12.00,12.00,12.00,12.00,12.00,12.00,12.00,12.00,'2020-06-09 13:17:57','2020-06-09 13:17:57',1),(1873,'1',1.00,1.00,1.00,1.00,1.00,1.00,1.00,1.00,1.00,1.00,1.00,1.00,'2020-06-09 13:18:59','2020-06-09 13:18:59',1),(1874,'2',2.00,2.00,2.00,2.00,2.00,2.00,2.00,2.00,2.00,2.00,2.00,2.00,'2020-06-09 13:18:59','2020-06-09 13:18:59',1),(1875,'3',3.00,3.00,3.00,3.00,3.00,3.00,3.00,3.00,3.00,3.00,3.00,3.00,'2020-06-09 13:18:59','2020-06-09 13:18:59',1),(1876,'4',4.00,4.00,4.00,4.00,4.00,4.00,4.00,4.00,4.00,4.00,4.00,4.00,'2020-06-09 13:18:59','2020-06-09 13:18:59',1),(1877,'5',5.00,5.00,5.00,5.00,5.00,5.00,5.00,5.00,5.00,5.00,5.00,5.00,'2020-06-09 13:18:59','2020-06-09 13:18:59',1),(1878,'6',6.00,6.00,6.00,6.00,6.00,6.00,6.00,6.00,6.00,6.00,6.00,6.00,'2020-06-09 13:18:59','2020-06-09 13:18:59',1),(1879,'7',7.00,7.00,7.00,7.00,7.00,7.00,7.00,7.00,7.00,7.00,7.00,7.00,'2020-06-09 13:18:59','2020-06-09 13:18:59',1),(1880,'8',8.00,8.00,8.00,8.00,8.00,8.00,8.00,8.00,8.00,8.00,8.00,8.00,'2020-06-09 13:18:59','2020-06-09 13:18:59',1),(1881,'9',9.00,9.00,9.00,9.00,9.00,9.00,9.00,9.00,9.00,9.00,9.00,9.00,'2020-06-09 13:18:59','2020-06-09 13:18:59',1),(1882,'10',10.00,10.00,10.00,10.00,10.00,10.00,10.00,10.00,10.00,10.00,10.00,10.00,'2020-06-09 13:18:59','2020-06-09 13:18:59',1),(1883,'11',11.00,11.00,11.00,11.00,11.00,11.00,11.00,11.00,11.00,11.00,11.00,11.00,'2020-06-09 13:18:59','2020-06-09 13:18:59',1),(1884,'12',12.00,12.00,12.00,12.00,12.00,12.00,12.00,12.00,12.00,12.00,12.00,12.00,'2020-06-09 13:18:59','2020-06-09 13:18:59',1),(1885,'1',1.00,1.00,1.00,1.00,1.00,1.00,1.00,1.00,1.00,1.00,1.00,1.00,'2020-06-09 13:21:13','2020-06-09 13:21:13',1),(1886,'2',2.00,2.00,2.00,2.00,2.00,2.00,2.00,2.00,2.00,2.00,2.00,2.00,'2020-06-09 13:21:13','2020-06-09 13:21:13',1),(1887,'3',3.00,3.00,3.00,3.00,3.00,3.00,3.00,3.00,3.00,3.00,3.00,3.00,'2020-06-09 13:21:13','2020-06-09 13:21:13',1),(1888,'4',4.00,4.00,4.00,4.00,4.00,4.00,4.00,4.00,4.00,4.00,4.00,4.00,'2020-06-09 13:21:14','2020-06-09 13:21:14',1),(1889,'5',5.00,5.00,5.00,5.00,5.00,5.00,5.00,5.00,5.00,5.00,5.00,5.00,'2020-06-09 13:21:14','2020-06-09 13:21:14',1),(1890,'6',6.00,6.00,6.00,6.00,6.00,6.00,6.00,6.00,6.00,6.00,6.00,6.00,'2020-06-09 13:21:14','2020-06-09 13:21:14',1),(1891,'7',7.00,7.00,7.00,7.00,7.00,7.00,7.00,7.00,7.00,7.00,7.00,7.00,'2020-06-09 13:21:14','2020-06-09 13:21:14',1),(1892,'8',8.00,8.00,8.00,8.00,8.00,8.00,8.00,8.00,8.00,8.00,8.00,8.00,'2020-06-09 13:21:14','2020-06-09 13:21:14',1),(1893,'9',9.00,9.00,9.00,9.00,9.00,9.00,9.00,9.00,9.00,9.00,9.00,9.00,'2020-06-09 13:21:14','2020-06-09 13:21:14',1),(1894,'10',10.00,10.00,10.00,10.00,10.00,10.00,10.00,10.00,10.00,10.00,10.00,10.00,'2020-06-09 13:21:14','2020-06-09 13:21:14',1),(1895,'11',11.00,11.00,11.00,11.00,11.00,11.00,11.00,11.00,11.00,11.00,11.00,11.00,'2020-06-09 13:21:14','2020-06-09 13:21:14',1),(1896,'12',12.00,12.00,12.00,12.00,12.00,12.00,12.00,12.00,12.00,12.00,12.00,12.00,'2020-06-09 13:21:14','2020-06-09 13:21:14',1),(1897,'1',1.00,1.00,1.00,1.00,1.00,1.00,1.00,1.00,1.00,1.00,1.00,1.00,'2020-06-09 13:22:44','2020-06-09 13:22:44',1),(1898,'2',2.00,2.00,2.00,2.00,2.00,2.00,2.00,2.00,2.00,2.00,2.00,2.00,'2020-06-09 13:22:44','2020-06-09 13:22:44',1),(1899,'3',3.00,3.00,3.00,3.00,3.00,3.00,3.00,3.00,3.00,3.00,3.00,3.00,'2020-06-09 13:22:44','2020-06-09 13:22:44',1),(1900,'4',4.00,4.00,4.00,4.00,4.00,4.00,4.00,4.00,4.00,4.00,4.00,4.00,'2020-06-09 13:22:44','2020-06-09 13:22:44',1),(1901,'5',5.00,5.00,5.00,5.00,5.00,5.00,5.00,5.00,5.00,5.00,5.00,5.00,'2020-06-09 13:22:44','2020-06-09 13:22:44',1),(1902,'6',6.00,6.00,6.00,6.00,6.00,6.00,6.00,6.00,6.00,6.00,6.00,6.00,'2020-06-09 13:22:44','2020-06-09 13:22:44',1),(1903,'7',7.00,7.00,7.00,7.00,7.00,7.00,7.00,7.00,7.00,7.00,7.00,7.00,'2020-06-09 13:22:44','2020-06-09 13:22:44',1),(1904,'8',8.00,8.00,8.00,8.00,8.00,8.00,8.00,8.00,8.00,8.00,8.00,8.00,'2020-06-09 13:22:44','2020-06-09 13:22:44',1),(1905,'9',9.00,9.00,9.00,9.00,9.00,9.00,9.00,9.00,9.00,9.00,9.00,9.00,'2020-06-09 13:22:44','2020-06-09 13:22:44',1),(1906,'10',10.00,10.00,10.00,10.00,10.00,10.00,10.00,10.00,10.00,10.00,10.00,10.00,'2020-06-09 13:22:44','2020-06-09 13:22:44',1),(1907,'11',11.00,11.00,11.00,11.00,11.00,11.00,11.00,11.00,11.00,11.00,11.00,11.00,'2020-06-09 13:22:44','2020-06-09 13:22:44',1),(1908,'12',12.00,12.00,12.00,12.00,12.00,12.00,12.00,12.00,12.00,12.00,12.00,12.00,'2020-06-09 13:22:44','2020-06-09 13:22:44',1),(1909,'1',1.00,1.00,1.00,1.00,1.00,1.00,1.00,1.00,1.00,1.00,1.00,1.00,'2020-06-09 13:25:47','2020-06-09 13:25:47',1),(1910,'2',2.00,2.00,2.00,2.00,2.00,2.00,2.00,2.00,2.00,2.00,2.00,2.00,'2020-06-09 13:25:47','2020-06-09 13:25:47',1),(1911,'3',3.00,3.00,3.00,3.00,3.00,3.00,3.00,3.00,3.00,3.00,3.00,3.00,'2020-06-09 13:25:47','2020-06-09 13:25:47',1),(1912,'4',4.00,4.00,4.00,4.00,4.00,4.00,4.00,4.00,4.00,4.00,4.00,4.00,'2020-06-09 13:25:47','2020-06-09 13:25:47',1),(1913,'5',5.00,5.00,5.00,5.00,5.00,5.00,5.00,5.00,5.00,5.00,5.00,5.00,'2020-06-09 13:25:47','2020-06-09 13:25:47',1),(1914,'6',6.00,6.00,6.00,6.00,6.00,6.00,6.00,6.00,6.00,6.00,6.00,6.00,'2020-06-09 13:25:47','2020-06-09 13:25:47',1),(1915,'7',7.00,7.00,7.00,7.00,7.00,7.00,7.00,7.00,7.00,7.00,7.00,7.00,'2020-06-09 13:25:47','2020-06-09 13:25:47',1),(1916,'8',8.00,8.00,8.00,8.00,8.00,8.00,8.00,8.00,8.00,8.00,8.00,8.00,'2020-06-09 13:25:47','2020-06-09 13:25:47',1),(1917,'9',9.00,9.00,9.00,9.00,9.00,9.00,9.00,9.00,9.00,9.00,9.00,9.00,'2020-06-09 13:25:47','2020-06-09 13:25:47',1),(1918,'10',10.00,10.00,10.00,10.00,10.00,10.00,10.00,10.00,10.00,10.00,10.00,10.00,'2020-06-09 13:25:47','2020-06-09 13:25:47',1),(1919,'11',11.00,11.00,11.00,11.00,11.00,11.00,11.00,11.00,11.00,11.00,11.00,11.00,'2020-06-09 13:25:47','2020-06-09 13:25:47',1),(1920,'12',12.00,12.00,12.00,12.00,12.00,12.00,12.00,12.00,12.00,12.00,12.00,12.00,'2020-06-09 13:25:47','2020-06-09 13:25:47',1),(1921,'1',1.00,1.00,1.00,1.00,1.00,1.00,1.00,1.00,1.00,1.00,1.00,1.00,'2020-06-09 13:26:16','2020-06-09 13:26:16',1),(1922,'2',2.00,2.00,2.00,2.00,2.00,2.00,2.00,2.00,2.00,2.00,2.00,2.00,'2020-06-09 13:26:16','2020-06-09 13:26:16',1),(1923,'3',3.00,3.00,3.00,3.00,3.00,3.00,3.00,3.00,3.00,3.00,3.00,3.00,'2020-06-09 13:26:16','2020-06-09 13:26:16',1),(1924,'4',4.00,4.00,4.00,4.00,4.00,4.00,4.00,4.00,4.00,4.00,4.00,4.00,'2020-06-09 13:26:16','2020-06-09 13:26:16',1),(1925,'5',5.00,5.00,5.00,5.00,5.00,5.00,5.00,5.00,5.00,5.00,5.00,5.00,'2020-06-09 13:26:16','2020-06-09 13:26:16',1),(1926,'6',6.00,6.00,6.00,6.00,6.00,6.00,6.00,6.00,6.00,6.00,6.00,6.00,'2020-06-09 13:26:16','2020-06-09 13:26:16',1),(1927,'7',7.00,7.00,7.00,7.00,7.00,7.00,7.00,7.00,7.00,7.00,7.00,7.00,'2020-06-09 13:26:16','2020-06-09 13:26:16',1),(1928,'8',8.00,8.00,8.00,8.00,8.00,8.00,8.00,8.00,8.00,8.00,8.00,8.00,'2020-06-09 13:26:16','2020-06-09 13:26:16',1),(1929,'9',9.00,9.00,9.00,9.00,9.00,9.00,9.00,9.00,9.00,9.00,9.00,9.00,'2020-06-09 13:26:16','2020-06-09 13:26:16',1),(1930,'10',10.00,10.00,10.00,10.00,10.00,10.00,10.00,10.00,10.00,10.00,10.00,10.00,'2020-06-09 13:26:16','2020-06-09 13:26:16',1),(1931,'11',11.00,11.00,11.00,11.00,11.00,11.00,11.00,11.00,11.00,11.00,11.00,11.00,'2020-06-09 13:26:16','2020-06-09 13:26:16',1),(1932,'12',12.00,12.00,12.00,12.00,12.00,12.00,12.00,12.00,12.00,12.00,12.00,12.00,'2020-06-09 13:26:16','2020-06-09 13:26:16',1),(1933,'1',1.00,1.00,1.00,1.00,1.00,1.00,1.00,1.00,1.00,1.00,1.00,1.00,'2020-06-09 13:28:14','2020-06-09 13:28:14',1),(1934,'2',2.00,2.00,2.00,2.00,2.00,2.00,2.00,2.00,2.00,2.00,2.00,2.00,'2020-06-09 13:28:14','2020-06-09 13:28:14',1),(1935,'3',3.00,3.00,3.00,3.00,3.00,3.00,3.00,3.00,3.00,3.00,3.00,3.00,'2020-06-09 13:28:14','2020-06-09 13:28:14',1),(1936,'4',4.00,4.00,4.00,4.00,4.00,4.00,4.00,4.00,4.00,4.00,4.00,4.00,'2020-06-09 13:28:14','2020-06-09 13:28:14',1),(1937,'5',5.00,5.00,5.00,5.00,5.00,5.00,5.00,5.00,5.00,5.00,5.00,5.00,'2020-06-09 13:28:14','2020-06-09 13:28:14',1),(1938,'6',6.00,6.00,6.00,6.00,6.00,6.00,6.00,6.00,6.00,6.00,6.00,6.00,'2020-06-09 13:28:14','2020-06-09 13:28:14',1),(1939,'7',7.00,7.00,7.00,7.00,7.00,7.00,7.00,7.00,7.00,7.00,7.00,7.00,'2020-06-09 13:28:14','2020-06-09 13:28:14',1),(1940,'8',8.00,8.00,8.00,8.00,8.00,8.00,8.00,8.00,8.00,8.00,8.00,8.00,'2020-06-09 13:28:14','2020-06-09 13:28:14',1),(1941,'9',9.00,9.00,9.00,9.00,9.00,9.00,9.00,9.00,9.00,9.00,9.00,9.00,'2020-06-09 13:28:14','2020-06-09 13:28:14',1),(1942,'10',10.00,10.00,10.00,10.00,10.00,10.00,10.00,10.00,10.00,10.00,10.00,10.00,'2020-06-09 13:28:14','2020-06-09 13:28:14',1),(1943,'11',11.00,11.00,11.00,11.00,11.00,11.00,11.00,11.00,11.00,11.00,11.00,11.00,'2020-06-09 13:28:14','2020-06-09 13:28:14',1),(1944,'12',12.00,12.00,12.00,12.00,12.00,12.00,12.00,12.00,12.00,12.00,12.00,12.00,'2020-06-09 13:28:14','2020-06-09 13:28:14',1),(1945,'1',1.00,1.00,1.00,1.00,1.00,1.00,1.00,1.00,1.00,1.00,1.00,1.00,'2020-06-09 13:32:07','2020-06-09 13:32:07',1),(1946,'2',2.00,2.00,2.00,2.00,2.00,2.00,2.00,2.00,2.00,2.00,2.00,2.00,'2020-06-09 13:32:07','2020-06-09 13:32:07',1),(1947,'3',3.00,3.00,3.00,3.00,3.00,3.00,3.00,3.00,3.00,3.00,3.00,3.00,'2020-06-09 13:32:07','2020-06-09 13:32:07',1),(1948,'4',4.00,4.00,4.00,4.00,4.00,4.00,4.00,4.00,4.00,4.00,4.00,4.00,'2020-06-09 13:32:07','2020-06-09 13:32:07',1),(1949,'5',5.00,5.00,5.00,5.00,5.00,5.00,5.00,5.00,5.00,5.00,5.00,5.00,'2020-06-09 13:32:07','2020-06-09 13:32:07',1),(1950,'6',6.00,6.00,6.00,6.00,6.00,6.00,6.00,6.00,6.00,6.00,6.00,6.00,'2020-06-09 13:32:07','2020-06-09 13:32:07',1),(1951,'7',7.00,7.00,7.00,7.00,7.00,7.00,7.00,7.00,7.00,7.00,7.00,7.00,'2020-06-09 13:32:07','2020-06-09 13:32:07',1),(1952,'8',8.00,8.00,8.00,8.00,8.00,8.00,8.00,8.00,8.00,8.00,8.00,8.00,'2020-06-09 13:32:07','2020-06-09 13:32:07',1),(1953,'9',9.00,9.00,9.00,9.00,9.00,9.00,9.00,9.00,9.00,9.00,9.00,9.00,'2020-06-09 13:32:07','2020-06-09 13:32:07',1),(1954,'10',10.00,10.00,10.00,10.00,10.00,10.00,10.00,10.00,10.00,10.00,10.00,10.00,'2020-06-09 13:32:07','2020-06-09 13:32:07',1),(1955,'11',11.00,11.00,11.00,11.00,11.00,11.00,11.00,11.00,11.00,11.00,11.00,11.00,'2020-06-09 13:32:07','2020-06-09 13:32:07',1),(1956,'12',12.00,12.00,12.00,12.00,12.00,12.00,12.00,12.00,12.00,12.00,12.00,12.00,'2020-06-09 13:32:07','2020-06-09 13:32:07',1),(1957,'1',1.00,1.00,1.00,1.00,1.00,1.00,1.00,1.00,1.00,1.00,1.00,1.00,'2020-06-09 13:34:25','2020-06-09 13:34:25',1),(1958,'2',2.00,2.00,2.00,2.00,2.00,2.00,2.00,2.00,2.00,2.00,2.00,2.00,'2020-06-09 13:34:25','2020-06-09 13:34:25',1),(1959,'3',3.00,3.00,3.00,3.00,3.00,3.00,3.00,3.00,3.00,3.00,3.00,3.00,'2020-06-09 13:34:25','2020-06-09 13:34:25',1),(1960,'4',4.00,4.00,4.00,4.00,4.00,4.00,4.00,4.00,4.00,4.00,4.00,4.00,'2020-06-09 13:34:25','2020-06-09 13:34:25',1),(1961,'5',5.00,5.00,5.00,5.00,5.00,5.00,5.00,5.00,5.00,5.00,5.00,5.00,'2020-06-09 13:34:25','2020-06-09 13:34:25',1),(1962,'6',6.00,6.00,6.00,6.00,6.00,6.00,6.00,6.00,6.00,6.00,6.00,6.00,'2020-06-09 13:34:25','2020-06-09 13:34:25',1),(1963,'7',7.00,7.00,7.00,7.00,7.00,7.00,7.00,7.00,7.00,7.00,7.00,7.00,'2020-06-09 13:34:25','2020-06-09 13:34:25',1),(1964,'8',8.00,8.00,8.00,8.00,8.00,8.00,8.00,8.00,8.00,8.00,8.00,8.00,'2020-06-09 13:34:25','2020-06-09 13:34:25',1),(1965,'9',9.00,9.00,9.00,9.00,9.00,9.00,9.00,9.00,9.00,9.00,9.00,9.00,'2020-06-09 13:34:25','2020-06-09 13:34:25',1),(1966,'10',10.00,10.00,10.00,10.00,10.00,10.00,10.00,10.00,10.00,10.00,10.00,10.00,'2020-06-09 13:34:25','2020-06-09 13:34:25',1),(1967,'11',11.00,11.00,11.00,11.00,11.00,11.00,11.00,11.00,11.00,11.00,11.00,11.00,'2020-06-09 13:34:25','2020-06-09 13:34:25',1),(1968,'12',12.00,12.00,12.00,12.00,12.00,12.00,12.00,12.00,12.00,12.00,12.00,12.00,'2020-06-09 13:34:25','2020-06-09 13:34:25',1),(1969,'1',1.00,1.00,1.00,1.00,1.00,1.00,1.00,1.00,1.00,1.00,1.00,1.00,'2020-06-09 13:39:44','2020-06-09 13:39:44',1),(1970,'2',2.00,2.00,2.00,2.00,2.00,2.00,2.00,2.00,2.00,2.00,2.00,2.00,'2020-06-09 13:39:44','2020-06-09 13:39:44',1),(1971,'3',3.00,3.00,3.00,3.00,3.00,3.00,3.00,3.00,3.00,3.00,3.00,3.00,'2020-06-09 13:39:44','2020-06-09 13:39:44',1),(1972,'4',4.00,4.00,4.00,4.00,4.00,4.00,4.00,4.00,4.00,4.00,4.00,4.00,'2020-06-09 13:39:44','2020-06-09 13:39:44',1),(1973,'5',5.00,5.00,5.00,5.00,5.00,5.00,5.00,5.00,5.00,5.00,5.00,5.00,'2020-06-09 13:39:44','2020-06-09 13:39:44',1),(1974,'6',6.00,6.00,6.00,6.00,6.00,6.00,6.00,6.00,6.00,6.00,6.00,6.00,'2020-06-09 13:39:44','2020-06-09 13:39:44',1),(1975,'7',7.00,7.00,7.00,7.00,7.00,7.00,7.00,7.00,7.00,7.00,7.00,7.00,'2020-06-09 13:39:44','2020-06-09 13:39:44',1),(1976,'8',8.00,8.00,8.00,8.00,8.00,8.00,8.00,8.00,8.00,8.00,8.00,8.00,'2020-06-09 13:39:44','2020-06-09 13:39:44',1),(1977,'9',9.00,9.00,9.00,9.00,9.00,9.00,9.00,9.00,9.00,9.00,9.00,9.00,'2020-06-09 13:39:44','2020-06-09 13:39:44',1),(1978,'10',10.00,10.00,10.00,10.00,10.00,10.00,10.00,10.00,10.00,10.00,10.00,10.00,'2020-06-09 13:39:44','2020-06-09 13:39:44',1),(1979,'11',11.00,11.00,11.00,11.00,11.00,11.00,11.00,11.00,11.00,11.00,11.00,11.00,'2020-06-09 13:39:44','2020-06-09 13:39:44',1),(1980,'12',12.00,12.00,12.00,12.00,12.00,12.00,12.00,12.00,12.00,12.00,12.00,12.00,'2020-06-09 13:39:44','2020-06-09 13:39:44',1),(1981,'1',1.00,1.00,1.00,1.00,1.00,1.00,1.00,1.00,1.00,1.00,1.00,1.00,'2020-06-09 13:43:47','2020-06-09 13:43:47',1),(1982,'2',2.00,2.00,2.00,2.00,2.00,2.00,2.00,2.00,2.00,2.00,2.00,2.00,'2020-06-09 13:43:48','2020-06-09 13:43:48',1),(1983,'3',3.00,3.00,3.00,3.00,3.00,3.00,3.00,3.00,3.00,3.00,3.00,3.00,'2020-06-09 13:43:48','2020-06-09 13:43:48',1),(1984,'4',4.00,4.00,4.00,4.00,4.00,4.00,4.00,4.00,4.00,4.00,4.00,4.00,'2020-06-09 13:43:48','2020-06-09 13:43:48',1),(1985,'5',5.00,5.00,5.00,5.00,5.00,5.00,5.00,5.00,5.00,5.00,5.00,5.00,'2020-06-09 13:43:48','2020-06-09 13:43:48',1),(1986,'6',6.00,6.00,6.00,6.00,6.00,6.00,6.00,6.00,6.00,6.00,6.00,6.00,'2020-06-09 13:43:48','2020-06-09 13:43:48',1),(1987,'7',7.00,7.00,7.00,7.00,7.00,7.00,7.00,7.00,7.00,7.00,7.00,7.00,'2020-06-09 13:43:48','2020-06-09 13:43:48',1),(1988,'8',8.00,8.00,8.00,8.00,8.00,8.00,8.00,8.00,8.00,8.00,8.00,8.00,'2020-06-09 13:43:48','2020-06-09 13:43:48',1),(1989,'9',9.00,9.00,9.00,9.00,9.00,9.00,9.00,9.00,9.00,9.00,9.00,9.00,'2020-06-09 13:43:48','2020-06-09 13:43:48',1),(1990,'10',10.00,10.00,10.00,10.00,10.00,10.00,10.00,10.00,10.00,10.00,10.00,10.00,'2020-06-09 13:43:48','2020-06-09 13:43:48',1),(1991,'11',11.00,11.00,11.00,11.00,11.00,11.00,11.00,11.00,11.00,11.00,11.00,11.00,'2020-06-09 13:43:48','2020-06-09 13:43:48',1),(1992,'12',12.00,12.00,12.00,12.00,12.00,12.00,12.00,12.00,12.00,12.00,12.00,12.00,'2020-06-09 13:43:48','2020-06-09 13:43:48',1),(1993,'1',1.00,1.00,1.00,1.00,1.00,1.00,1.00,1.00,1.00,1.00,1.00,1.00,'2020-06-09 13:44:34','2020-06-09 13:44:34',1),(1994,'2',2.00,2.00,2.00,2.00,2.00,2.00,2.00,2.00,2.00,2.00,2.00,2.00,'2020-06-09 13:44:34','2020-06-09 13:44:34',1),(1995,'3',3.00,3.00,3.00,3.00,3.00,3.00,3.00,3.00,3.00,3.00,3.00,3.00,'2020-06-09 13:44:34','2020-06-09 13:44:34',1),(1996,'4',4.00,4.00,4.00,4.00,4.00,4.00,4.00,4.00,4.00,4.00,4.00,4.00,'2020-06-09 13:44:34','2020-06-09 13:44:34',1),(1997,'5',5.00,5.00,5.00,5.00,5.00,5.00,5.00,5.00,5.00,5.00,5.00,5.00,'2020-06-09 13:44:34','2020-06-09 13:44:34',1),(1998,'6',6.00,6.00,6.00,6.00,6.00,6.00,6.00,6.00,6.00,6.00,6.00,6.00,'2020-06-09 13:44:34','2020-06-09 13:44:34',1),(1999,'7',7.00,7.00,7.00,7.00,7.00,7.00,7.00,7.00,7.00,7.00,7.00,7.00,'2020-06-09 13:44:34','2020-06-09 13:44:34',1),(2000,'8',8.00,8.00,8.00,8.00,8.00,8.00,8.00,8.00,8.00,8.00,8.00,8.00,'2020-06-09 13:44:34','2020-06-09 13:44:34',1),(2001,'9',9.00,9.00,9.00,9.00,9.00,9.00,9.00,9.00,9.00,9.00,9.00,9.00,'2020-06-09 13:44:34','2020-06-09 13:44:34',1),(2002,'10',10.00,10.00,10.00,10.00,10.00,10.00,10.00,10.00,10.00,10.00,10.00,10.00,'2020-06-09 13:44:34','2020-06-09 13:44:34',1),(2003,'11',11.00,11.00,11.00,11.00,11.00,11.00,11.00,11.00,11.00,11.00,11.00,11.00,'2020-06-09 13:44:34','2020-06-09 13:44:34',1),(2004,'12',12.00,12.00,12.00,12.00,12.00,12.00,12.00,12.00,12.00,12.00,12.00,12.00,'2020-06-09 13:44:34','2020-06-09 13:44:34',1),(2005,'1',1.00,1.00,1.00,1.00,1.00,1.00,1.00,1.00,1.00,1.00,1.00,1.00,'2020-06-09 13:44:59','2020-06-09 13:44:59',1),(2006,'2',2.00,2.00,2.00,2.00,2.00,2.00,2.00,2.00,2.00,2.00,2.00,2.00,'2020-06-09 13:44:59','2020-06-09 13:44:59',1),(2007,'3',3.00,3.00,3.00,3.00,3.00,3.00,3.00,3.00,3.00,3.00,3.00,3.00,'2020-06-09 13:44:59','2020-06-09 13:44:59',1),(2008,'4',4.00,4.00,4.00,4.00,4.00,4.00,4.00,4.00,4.00,4.00,4.00,4.00,'2020-06-09 13:44:59','2020-06-09 13:44:59',1),(2009,'5',5.00,5.00,5.00,5.00,5.00,5.00,5.00,5.00,5.00,5.00,5.00,5.00,'2020-06-09 13:44:59','2020-06-09 13:44:59',1),(2010,'6',6.00,6.00,6.00,6.00,6.00,6.00,6.00,6.00,6.00,6.00,6.00,6.00,'2020-06-09 13:44:59','2020-06-09 13:44:59',1),(2011,'7',7.00,7.00,7.00,7.00,7.00,7.00,7.00,7.00,7.00,7.00,7.00,7.00,'2020-06-09 13:44:59','2020-06-09 13:44:59',1),(2012,'8',8.00,8.00,8.00,8.00,8.00,8.00,8.00,8.00,8.00,8.00,8.00,8.00,'2020-06-09 13:44:59','2020-06-09 13:44:59',1),(2013,'9',9.00,9.00,9.00,9.00,9.00,9.00,9.00,9.00,9.00,9.00,9.00,9.00,'2020-06-09 13:44:59','2020-06-09 13:44:59',1),(2014,'10',10.00,10.00,10.00,10.00,10.00,10.00,10.00,10.00,10.00,10.00,10.00,10.00,'2020-06-09 13:44:59','2020-06-09 13:44:59',1),(2015,'11',11.00,11.00,11.00,11.00,11.00,11.00,11.00,11.00,11.00,11.00,11.00,11.00,'2020-06-09 13:44:59','2020-06-09 13:44:59',1),(2016,'12',12.00,12.00,12.00,12.00,12.00,12.00,12.00,12.00,12.00,12.00,12.00,12.00,'2020-06-09 13:44:59','2020-06-09 13:44:59',1),(2017,'1',1.00,1.00,1.00,1.00,1.00,1.00,1.00,1.00,1.00,1.00,1.00,1.00,'2020-06-09 13:46:12','2020-06-09 13:46:12',1),(2018,'2',2.00,2.00,2.00,2.00,2.00,2.00,2.00,2.00,2.00,2.00,2.00,2.00,'2020-06-09 13:46:12','2020-06-09 13:46:12',1),(2019,'3',3.00,3.00,3.00,3.00,3.00,3.00,3.00,3.00,3.00,3.00,3.00,3.00,'2020-06-09 13:46:12','2020-06-09 13:46:12',1),(2020,'4',4.00,4.00,4.00,4.00,4.00,4.00,4.00,4.00,4.00,4.00,4.00,4.00,'2020-06-09 13:46:12','2020-06-09 13:46:12',1),(2021,'5',5.00,5.00,5.00,5.00,5.00,5.00,5.00,5.00,5.00,5.00,5.00,5.00,'2020-06-09 13:46:12','2020-06-09 13:46:12',1),(2022,'6',6.00,6.00,6.00,6.00,6.00,6.00,6.00,6.00,6.00,6.00,6.00,6.00,'2020-06-09 13:46:12','2020-06-09 13:46:12',1),(2023,'7',7.00,7.00,7.00,7.00,7.00,7.00,7.00,7.00,7.00,7.00,7.00,7.00,'2020-06-09 13:46:12','2020-06-09 13:46:12',1),(2024,'8',8.00,8.00,8.00,8.00,8.00,8.00,8.00,8.00,8.00,8.00,8.00,8.00,'2020-06-09 13:46:12','2020-06-09 13:46:12',1),(2025,'9',9.00,9.00,9.00,9.00,9.00,9.00,9.00,9.00,9.00,9.00,9.00,9.00,'2020-06-09 13:46:12','2020-06-09 13:46:12',1),(2026,'10',10.00,10.00,10.00,10.00,10.00,10.00,10.00,10.00,10.00,10.00,10.00,10.00,'2020-06-09 13:46:12','2020-06-09 13:46:12',1),(2027,'11',11.00,11.00,11.00,11.00,11.00,11.00,11.00,11.00,11.00,11.00,11.00,11.00,'2020-06-09 13:46:12','2020-06-09 13:46:12',1),(2028,'12',12.00,12.00,12.00,12.00,12.00,12.00,12.00,12.00,12.00,12.00,12.00,12.00,'2020-06-09 13:46:12','2020-06-09 13:46:12',1),(2029,'1',1.00,1.00,1.00,1.00,1.00,1.00,1.00,1.00,1.00,1.00,1.00,1.00,'2020-06-09 13:46:52','2020-06-09 13:46:52',1),(2030,'2',2.00,2.00,2.00,2.00,2.00,2.00,2.00,2.00,2.00,2.00,2.00,2.00,'2020-06-09 13:46:52','2020-06-09 13:46:52',1),(2031,'3',3.00,3.00,3.00,3.00,3.00,3.00,3.00,3.00,3.00,3.00,3.00,3.00,'2020-06-09 13:46:52','2020-06-09 13:46:52',1),(2032,'4',4.00,4.00,4.00,4.00,4.00,4.00,4.00,4.00,4.00,4.00,4.00,4.00,'2020-06-09 13:46:52','2020-06-09 13:46:52',1),(2033,'5',5.00,5.00,5.00,5.00,5.00,5.00,5.00,5.00,5.00,5.00,5.00,5.00,'2020-06-09 13:46:53','2020-06-09 13:46:53',1),(2034,'6',6.00,6.00,6.00,6.00,6.00,6.00,6.00,6.00,6.00,6.00,6.00,6.00,'2020-06-09 13:46:53','2020-06-09 13:46:53',1),(2035,'7',7.00,7.00,7.00,7.00,7.00,7.00,7.00,7.00,7.00,7.00,7.00,7.00,'2020-06-09 13:46:53','2020-06-09 13:46:53',1),(2036,'8',8.00,8.00,8.00,8.00,8.00,8.00,8.00,8.00,8.00,8.00,8.00,8.00,'2020-06-09 13:46:53','2020-06-09 13:46:53',1),(2037,'9',9.00,9.00,9.00,9.00,9.00,9.00,9.00,9.00,9.00,9.00,9.00,9.00,'2020-06-09 13:46:53','2020-06-09 13:46:53',1),(2038,'10',10.00,10.00,10.00,10.00,10.00,10.00,10.00,10.00,10.00,10.00,10.00,10.00,'2020-06-09 13:46:53','2020-06-09 13:46:53',1),(2039,'11',11.00,11.00,11.00,11.00,11.00,11.00,11.00,11.00,11.00,11.00,11.00,11.00,'2020-06-09 13:46:53','2020-06-09 13:46:53',1),(2040,'12',12.00,12.00,12.00,12.00,12.00,12.00,12.00,12.00,12.00,12.00,12.00,12.00,'2020-06-09 13:46:53','2020-06-09 13:46:53',1),(2041,'1',1.00,1.00,1.00,1.00,1.00,1.00,1.00,1.00,1.00,2.00,1.00,1.00,'2020-06-09 14:44:44','2020-06-09 14:44:44',1),(2042,'1',1.00,1.00,1.00,1.00,1.00,1.00,1.00,1.00,1.00,1.00,1.00,1.00,'2020-06-09 14:44:44','2020-06-09 14:44:44',1),(2043,'sum',1.00,1.00,1.00,1.00,1.00,1.00,1.00,1.00,1.00,1.00,1.00,1.00,'2020-06-09 14:44:44','2020-06-09 14:44:44',1),(2044,'yeah',1.00,1.00,1.00,1.00,1.00,1.00,1.00,1.00,1.00,1.00,1.00,1.00,'2020-06-09 14:44:44','2020-06-09 14:44:44',1),(2045,'22asf',2.00,2.00,2.00,12.00,2.00,2.00,2.00,2.00,2.00,2.00,2.00,2.00,'2020-06-09 14:44:44','2020-06-09 14:44:44',1),(2046,'2',2.00,2.00,2.00,2.00,2.00,2.00,2.00,2.00,2.00,2.00,2.00,2.00,'2020-06-09 14:44:44','2020-06-09 14:44:44',1),(2047,'1',1.00,3.00,1.00,2.00,3.00,4.00,-15.00,5.00,16.00,6.00,6.00,6.00,'2020-06-09 14:44:44','2020-06-09 14:44:44',1),(2048,'341',23.00,234.00,324.00,34.00,234.00,234.00,2342.00,4.00,234.00,324.00,234.00,1234.00,'2020-06-09 14:44:44','2020-06-09 14:44:44',1),(2049,'1',1.00,3.00,1.00,2.00,4.00,5.00,6.00,7.00,8.00,9.00,0.00,12.00,'2020-06-09 14:44:44','2020-06-09 14:44:44',1),(2050,'234',234.00,23.00,123.00,234.00,321.00,2.00,3.00,23.00,123.00,23.00,123.00,23.00,'2020-06-09 14:44:44','2020-06-09 14:44:44',1),(2051,'12',2.00,2.00,2.00,23.00,2.00,2.00,2.00,2.00,2.00,2.00,2.00,2.00,'2020-06-09 14:44:44','2020-06-09 14:44:44',1),(2052,'1',1.00,1.00,1.00,1.00,1.00,1.00,1.00,1.00,1.00,1.00,1.00,1.00,'2020-06-09 14:44:44','2020-06-09 14:44:44',1),(2053,'12',12.00,12.00,12.00,12.00,12.00,12.00,12.00,12.00,12.00,12.00,12.00,12.00,'2020-06-09 14:44:44','2020-06-09 14:44:44',1),(2054,'11',11.00,11.00,11.00,11.00,11.00,11.00,11.00,11.00,11.00,11.00,11.00,11.00,'2020-06-09 14:44:44','2020-06-09 14:44:44',1),(2055,'10',10.00,10.00,10.00,10.00,10.00,10.00,10.00,10.00,10.00,10.00,10.00,10.00,'2020-06-09 14:44:44','2020-06-09 14:44:44',1),(2056,'9',9.00,9.00,9.00,9.00,9.00,9.00,9.00,9.00,9.00,9.00,9.00,9.00,'2020-06-09 14:44:44','2020-06-09 14:44:44',1),(2057,'8',8.00,8.00,8.00,8.00,8.00,8.00,8.00,8.00,8.00,8.00,8.00,8.00,'2020-06-09 14:44:44','2020-06-09 14:44:44',1),(2058,'7',7.00,7.00,7.00,7.00,7.00,7.00,7.00,7.00,7.00,7.00,7.00,7.00,'2020-06-09 14:44:44','2020-06-09 14:44:44',1),(2059,'6',6.00,6.00,6.00,6.00,6.00,6.00,6.00,6.00,6.00,6.00,6.00,6.00,'2020-06-09 14:44:44','2020-06-09 14:44:44',1),(2060,'5',5.00,5.00,5.00,5.00,5.00,5.00,5.00,5.00,5.00,5.00,5.00,5.00,'2020-06-09 14:44:44','2020-06-09 14:44:44',1),(2061,'4',4.00,4.00,4.00,4.00,4.00,4.00,4.00,4.00,4.00,4.00,4.00,4.00,'2020-06-09 14:44:44','2020-06-09 14:44:44',1),(2062,'3',3.00,3.00,3.00,3.00,3.00,3.00,3.00,3.00,3.00,3.00,3.00,3.00,'2020-06-09 14:44:44','2020-06-09 14:44:44',1),(2063,'2',2.00,2.00,2.00,2.00,2.00,2.00,2.00,2.00,2.00,2.00,2.00,2.00,'2020-06-09 14:44:44','2020-06-09 14:44:44',1),(2064,'1',1.00,1.00,1.00,1.00,1.00,1.00,1.00,1.00,1.00,1.00,1.00,1.00,'2020-06-09 14:44:44','2020-06-09 14:44:44',1),(2065,'12',12.00,12.00,12.00,12.00,12.00,12.00,12.00,12.00,12.00,12.00,12.00,12.00,'2020-06-09 14:44:44','2020-06-09 14:44:44',1),(2066,'11',11.00,11.00,11.00,11.00,11.00,11.00,11.00,11.00,11.00,11.00,11.00,11.00,'2020-06-09 14:44:44','2020-06-09 14:44:44',1),(2067,'10',10.00,10.00,10.00,10.00,10.00,10.00,10.00,10.00,10.00,10.00,10.00,10.00,'2020-06-09 14:44:44','2020-06-09 14:44:44',1),(2068,'9',9.00,9.00,9.00,9.00,9.00,9.00,9.00,9.00,9.00,9.00,9.00,9.00,'2020-06-09 14:44:44','2020-06-09 14:44:44',1),(2069,'8',8.00,8.00,8.00,8.00,8.00,8.00,8.00,8.00,8.00,8.00,8.00,8.00,'2020-06-09 14:44:44','2020-06-09 14:44:44',1),(2070,'7',7.00,7.00,7.00,7.00,7.00,7.00,7.00,7.00,7.00,7.00,7.00,7.00,'2020-06-09 14:44:44','2020-06-09 14:44:44',1),(2071,'6',6.00,6.00,6.00,6.00,6.00,6.00,6.00,6.00,6.00,6.00,6.00,6.00,'2020-06-09 14:44:44','2020-06-09 14:44:44',1),(2072,'5',5.00,5.00,5.00,5.00,5.00,5.00,5.00,5.00,5.00,5.00,5.00,5.00,'2020-06-09 14:44:44','2020-06-09 14:44:44',1),(2073,'4',4.00,4.00,4.00,4.00,4.00,4.00,4.00,4.00,4.00,4.00,4.00,4.00,'2020-06-09 14:44:45','2020-06-09 14:44:45',1),(2074,'3',3.00,3.00,3.00,3.00,3.00,3.00,3.00,3.00,3.00,3.00,3.00,3.00,'2020-06-09 14:44:45','2020-06-09 14:44:45',1),(2075,'2',2.00,2.00,2.00,2.00,2.00,2.00,2.00,2.00,2.00,2.00,2.00,2.00,'2020-06-09 14:44:45','2020-06-09 14:44:45',1),(2076,'1',1.00,1.00,1.00,1.00,1.00,1.00,1.00,1.00,1.00,1.00,1.00,1.00,'2020-06-09 14:44:45','2020-06-09 14:44:45',1),(2077,'1',1.00,1.00,1.00,1.00,1.00,1.00,1.00,1.00,1.00,2.00,1.00,1.00,'2020-06-09 15:31:53','2020-06-09 15:31:53',1),(2078,'1',1.00,1.00,1.00,1.00,1.00,1.00,1.00,1.00,1.00,1.00,1.00,1.00,'2020-06-09 15:31:53','2020-06-09 15:31:53',1),(2079,'sum',1.00,1.00,1.00,1.00,1.00,1.00,1.00,1.00,1.00,1.00,1.00,1.00,'2020-06-09 15:31:53','2020-06-09 15:31:53',1),(2080,'yeah',1.00,1.00,1.00,1.00,1.00,1.00,1.00,1.00,1.00,1.00,1.00,1.00,'2020-06-09 15:31:53','2020-06-09 15:31:53',1),(2081,'22asf',2.00,2.00,2.00,12.00,2.00,2.00,2.00,2.00,2.00,2.00,2.00,2.00,'2020-06-09 15:31:53','2020-06-09 15:31:53',1),(2082,'2',2.00,2.00,2.00,2.00,2.00,2.00,2.00,2.00,2.00,2.00,2.00,2.00,'2020-06-09 15:31:53','2020-06-09 15:31:53',1),(2083,'1',1.00,3.00,1.00,2.00,3.00,4.00,-15.00,5.00,16.00,6.00,6.00,6.00,'2020-06-09 15:31:53','2020-06-09 15:31:53',1),(2084,'341',23.00,234.00,324.00,34.00,234.00,234.00,2342.00,4.00,234.00,324.00,234.00,1234.00,'2020-06-09 15:31:53','2020-06-09 15:31:53',1),(2085,'1',1.00,3.00,1.00,2.00,4.00,5.00,6.00,7.00,8.00,9.00,0.00,12.00,'2020-06-09 15:31:53','2020-06-09 15:31:53',1),(2086,'234',234.00,23.00,123.00,234.00,321.00,2.00,3.00,23.00,123.00,23.00,123.00,23.00,'2020-06-09 15:31:53','2020-06-09 15:31:53',1),(2087,'12',2.00,2.00,2.00,23.00,2.00,2.00,2.00,2.00,2.00,2.00,2.00,2.00,'2020-06-09 15:31:53','2020-06-09 15:31:53',1),(2088,'1',1.00,1.00,1.00,1.00,1.00,1.00,1.00,1.00,1.00,1.00,1.00,1.00,'2020-06-09 15:31:53','2020-06-09 15:31:53',1),(2089,'12',12.00,12.00,12.00,12.00,12.00,12.00,12.00,12.00,12.00,12.00,12.00,12.00,'2020-06-09 15:31:53','2020-06-09 15:31:53',1),(2090,'11',11.00,11.00,11.00,11.00,11.00,11.00,11.00,11.00,11.00,11.00,11.00,11.00,'2020-06-09 15:31:53','2020-06-09 15:31:53',1),(2091,'10',10.00,10.00,10.00,10.00,10.00,10.00,10.00,10.00,10.00,10.00,10.00,10.00,'2020-06-09 15:31:53','2020-06-09 15:31:53',1),(2092,'9',9.00,9.00,9.00,9.00,9.00,9.00,9.00,9.00,9.00,9.00,9.00,9.00,'2020-06-09 15:31:53','2020-06-09 15:31:53',1),(2093,'8',8.00,8.00,8.00,8.00,8.00,8.00,8.00,8.00,8.00,8.00,8.00,8.00,'2020-06-09 15:31:53','2020-06-09 15:31:53',1),(2094,'7',7.00,7.00,7.00,7.00,7.00,7.00,7.00,7.00,7.00,7.00,7.00,7.00,'2020-06-09 15:31:53','2020-06-09 15:31:53',1),(2095,'6',6.00,6.00,6.00,6.00,6.00,6.00,6.00,6.00,6.00,6.00,6.00,6.00,'2020-06-09 15:31:53','2020-06-09 15:31:53',1),(2096,'5',5.00,5.00,5.00,5.00,5.00,5.00,5.00,5.00,5.00,5.00,5.00,5.00,'2020-06-09 15:31:53','2020-06-09 15:31:53',1),(2097,'4',4.00,4.00,4.00,4.00,4.00,4.00,4.00,4.00,4.00,4.00,4.00,4.00,'2020-06-09 15:31:53','2020-06-09 15:31:53',1),(2098,'3',3.00,3.00,3.00,3.00,3.00,3.00,3.00,3.00,3.00,3.00,3.00,3.00,'2020-06-09 15:31:53','2020-06-09 15:31:53',1),(2099,'2',2.00,2.00,2.00,2.00,2.00,2.00,2.00,2.00,2.00,2.00,2.00,2.00,'2020-06-09 15:31:53','2020-06-09 15:31:53',1),(2100,'1',1.00,1.00,1.00,1.00,1.00,1.00,1.00,1.00,1.00,1.00,1.00,1.00,'2020-06-09 15:31:53','2020-06-09 15:31:53',1),(2101,'12',12.00,12.00,12.00,12.00,12.00,12.00,12.00,12.00,12.00,12.00,12.00,12.00,'2020-06-09 15:31:53','2020-06-09 15:31:53',1),(2102,'11',11.00,11.00,11.00,11.00,11.00,11.00,11.00,11.00,11.00,11.00,11.00,11.00,'2020-06-09 15:31:53','2020-06-09 15:31:53',1),(2103,'10',10.00,10.00,10.00,10.00,10.00,10.00,10.00,10.00,10.00,10.00,10.00,10.00,'2020-06-09 15:31:53','2020-06-09 15:31:53',1),(2104,'9',9.00,9.00,9.00,9.00,9.00,9.00,9.00,9.00,9.00,9.00,9.00,9.00,'2020-06-09 15:31:54','2020-06-09 15:31:54',1),(2105,'8',8.00,8.00,8.00,8.00,8.00,8.00,8.00,8.00,8.00,8.00,8.00,8.00,'2020-06-09 15:31:54','2020-06-09 15:31:54',1),(2106,'7',7.00,7.00,7.00,7.00,7.00,7.00,7.00,7.00,7.00,7.00,7.00,7.00,'2020-06-09 15:31:54','2020-06-09 15:31:54',1),(2107,'6',6.00,6.00,6.00,6.00,6.00,6.00,6.00,6.00,6.00,6.00,6.00,6.00,'2020-06-09 15:31:54','2020-06-09 15:31:54',1),(2108,'5',5.00,5.00,5.00,5.00,5.00,5.00,5.00,5.00,5.00,5.00,5.00,5.00,'2020-06-09 15:31:54','2020-06-09 15:31:54',1),(2109,'4',4.00,4.00,4.00,4.00,4.00,4.00,4.00,4.00,4.00,4.00,4.00,4.00,'2020-06-09 15:31:54','2020-06-09 15:31:54',1),(2110,'3',3.00,3.00,3.00,3.00,3.00,3.00,3.00,3.00,3.00,3.00,3.00,3.00,'2020-06-09 15:31:54','2020-06-09 15:31:54',1),(2111,'2',2.00,2.00,2.00,2.00,2.00,2.00,2.00,2.00,2.00,2.00,2.00,2.00,'2020-06-09 15:31:54','2020-06-09 15:31:54',1),(2112,'1',1.00,1.00,1.00,1.00,1.00,1.00,1.00,1.00,1.00,1.00,1.00,1.00,'2020-06-09 15:31:54','2020-06-09 15:31:54',1),(2113,'1',1.00,1.00,1.00,1.00,1.00,1.00,1.00,1.00,1.00,2.00,1.00,1.00,'2020-06-09 15:33:53','2020-06-09 15:33:53',1),(2114,'1',1.00,1.00,1.00,1.00,1.00,1.00,1.00,1.00,1.00,1.00,1.00,1.00,'2020-06-09 15:33:53','2020-06-09 15:33:53',1),(2115,'sum',1.00,1.00,1.00,1.00,1.00,1.00,1.00,1.00,1.00,1.00,1.00,1.00,'2020-06-09 15:33:53','2020-06-09 15:33:53',1),(2116,'yeah',1.00,1.00,1.00,1.00,1.00,1.00,1.00,1.00,1.00,1.00,1.00,1.00,'2020-06-09 15:33:53','2020-06-09 15:33:53',1),(2117,'22asf',2.00,2.00,2.00,12.00,2.00,2.00,2.00,2.00,2.00,2.00,2.00,2.00,'2020-06-09 15:33:53','2020-06-09 15:33:53',1),(2118,'2',2.00,2.00,2.00,2.00,2.00,2.00,2.00,2.00,2.00,2.00,2.00,2.00,'2020-06-09 15:33:53','2020-06-09 15:33:53',1),(2119,'1',1.00,3.00,1.00,2.00,3.00,4.00,-15.00,5.00,16.00,6.00,6.00,6.00,'2020-06-09 15:33:53','2020-06-09 15:33:53',1),(2120,'341',23.00,234.00,324.00,34.00,234.00,234.00,2342.00,4.00,234.00,324.00,234.00,1234.00,'2020-06-09 15:33:53','2020-06-09 15:33:53',1),(2121,'1',1.00,3.00,1.00,2.00,4.00,5.00,6.00,7.00,8.00,9.00,0.00,12.00,'2020-06-09 15:33:53','2020-06-09 15:33:53',1),(2122,'234',234.00,23.00,123.00,234.00,321.00,2.00,3.00,23.00,123.00,23.00,123.00,23.00,'2020-06-09 15:33:53','2020-06-09 15:33:53',1),(2123,'12',2.00,2.00,2.00,23.00,2.00,2.00,2.00,2.00,2.00,2.00,2.00,2.00,'2020-06-09 15:33:53','2020-06-09 15:33:53',1),(2124,'1',1.00,1.00,1.00,1.00,1.00,1.00,1.00,1.00,1.00,1.00,1.00,1.00,'2020-06-09 15:33:53','2020-06-09 15:33:53',1),(2125,'12',12.00,12.00,12.00,12.00,12.00,12.00,12.00,12.00,12.00,12.00,12.00,12.00,'2020-06-09 15:33:53','2020-06-09 15:33:53',1),(2126,'11',11.00,11.00,11.00,11.00,11.00,11.00,11.00,11.00,11.00,11.00,11.00,11.00,'2020-06-09 15:33:53','2020-06-09 15:33:53',1),(2127,'10',10.00,10.00,10.00,10.00,10.00,10.00,10.00,10.00,10.00,10.00,10.00,10.00,'2020-06-09 15:33:53','2020-06-09 15:33:53',1),(2128,'9',9.00,9.00,9.00,9.00,9.00,9.00,9.00,9.00,9.00,9.00,9.00,9.00,'2020-06-09 15:33:53','2020-06-09 15:33:53',1),(2129,'8',8.00,8.00,8.00,8.00,8.00,8.00,8.00,8.00,8.00,8.00,8.00,8.00,'2020-06-09 15:33:53','2020-06-09 15:33:53',1),(2130,'7',7.00,7.00,7.00,7.00,7.00,7.00,7.00,7.00,7.00,7.00,7.00,7.00,'2020-06-09 15:33:53','2020-06-09 15:33:53',1),(2131,'6',6.00,6.00,6.00,6.00,6.00,6.00,6.00,6.00,6.00,6.00,6.00,6.00,'2020-06-09 15:33:53','2020-06-09 15:33:53',1),(2132,'5',5.00,5.00,5.00,5.00,5.00,5.00,5.00,5.00,5.00,5.00,5.00,5.00,'2020-06-09 15:33:53','2020-06-09 15:33:53',1),(2133,'4',4.00,4.00,4.00,4.00,4.00,4.00,4.00,4.00,4.00,4.00,4.00,4.00,'2020-06-09 15:33:53','2020-06-09 15:33:53',1),(2134,'3',3.00,3.00,3.00,3.00,3.00,3.00,3.00,3.00,3.00,3.00,3.00,3.00,'2020-06-09 15:33:53','2020-06-09 15:33:53',1),(2135,'2',2.00,2.00,2.00,2.00,2.00,2.00,2.00,2.00,2.00,2.00,2.00,2.00,'2020-06-09 15:33:53','2020-06-09 15:33:53',1),(2136,'1',1.00,1.00,1.00,1.00,1.00,1.00,1.00,1.00,1.00,1.00,1.00,1.00,'2020-06-09 15:33:53','2020-06-09 15:33:53',1),(2137,'12',12.00,12.00,12.00,12.00,12.00,12.00,12.00,12.00,12.00,12.00,12.00,12.00,'2020-06-09 15:33:53','2020-06-09 15:33:53',1),(2138,'11',11.00,11.00,11.00,11.00,11.00,11.00,11.00,11.00,11.00,11.00,11.00,11.00,'2020-06-09 15:33:53','2020-06-09 15:33:53',1),(2139,'10',10.00,10.00,10.00,10.00,10.00,10.00,10.00,10.00,10.00,10.00,10.00,10.00,'2020-06-09 15:33:53','2020-06-09 15:33:53',1),(2140,'9',9.00,9.00,9.00,9.00,9.00,9.00,9.00,9.00,9.00,9.00,9.00,9.00,'2020-06-09 15:33:53','2020-06-09 15:33:53',1),(2141,'8',8.00,8.00,8.00,8.00,8.00,8.00,8.00,8.00,8.00,8.00,8.00,8.00,'2020-06-09 15:33:53','2020-06-09 15:33:53',1),(2142,'7',7.00,7.00,7.00,7.00,7.00,7.00,7.00,7.00,7.00,7.00,7.00,7.00,'2020-06-09 15:33:53','2020-06-09 15:33:53',1),(2143,'6',6.00,6.00,6.00,6.00,6.00,6.00,6.00,6.00,6.00,6.00,6.00,6.00,'2020-06-09 15:33:53','2020-06-09 15:33:53',1),(2144,'5',5.00,5.00,5.00,5.00,5.00,5.00,5.00,5.00,5.00,5.00,5.00,5.00,'2020-06-09 15:33:53','2020-06-09 15:33:53',1),(2145,'4',4.00,4.00,4.00,4.00,4.00,4.00,4.00,4.00,4.00,4.00,4.00,4.00,'2020-06-09 15:33:53','2020-06-09 15:33:53',1),(2146,'3',3.00,3.00,3.00,3.00,3.00,3.00,3.00,3.00,3.00,3.00,3.00,3.00,'2020-06-09 15:33:53','2020-06-09 15:33:53',1),(2147,'2',2.00,2.00,2.00,2.00,2.00,2.00,2.00,2.00,2.00,2.00,2.00,2.00,'2020-06-09 15:33:53','2020-06-09 15:33:53',1),(2148,'1',1.00,1.00,1.00,1.00,1.00,1.00,1.00,1.00,1.00,1.00,1.00,1.00,'2020-06-09 15:33:53','2020-06-09 15:33:53',1),(2149,'1',1.00,1.00,1.00,1.00,1.00,1.00,1.00,1.00,1.00,1.00,1.00,1.00,'2020-06-09 15:36:13','2020-06-09 15:36:13',1),(2150,'2',2.00,2.00,2.00,2.00,2.00,2.00,2.00,2.00,2.00,2.00,2.00,2.00,'2020-06-09 15:36:13','2020-06-09 15:36:13',1),(2151,'3',3.00,3.00,3.00,3.00,3.00,3.00,3.00,3.00,3.00,3.00,3.00,3.00,'2020-06-09 15:36:13','2020-06-09 15:36:13',1),(2152,'4',4.00,4.00,4.00,4.00,4.00,4.00,4.00,4.00,4.00,4.00,4.00,4.00,'2020-06-09 15:36:13','2020-06-09 15:36:13',1),(2153,'5',5.00,5.00,5.00,5.00,5.00,5.00,5.00,5.00,5.00,5.00,5.00,5.00,'2020-06-09 15:36:13','2020-06-09 15:36:13',1),(2154,'6',6.00,6.00,6.00,6.00,6.00,6.00,6.00,6.00,6.00,6.00,6.00,6.00,'2020-06-09 15:36:13','2020-06-09 15:36:13',1),(2155,'7',7.00,7.00,7.00,7.00,7.00,7.00,7.00,7.00,7.00,7.00,7.00,7.00,'2020-06-09 15:36:13','2020-06-09 15:36:13',1),(2156,'8',8.00,8.00,8.00,8.00,8.00,8.00,8.00,8.00,8.00,8.00,8.00,8.00,'2020-06-09 15:36:13','2020-06-09 15:36:13',1),(2157,'9',9.00,9.00,9.00,9.00,9.00,9.00,9.00,9.00,9.00,9.00,9.00,9.00,'2020-06-09 15:36:13','2020-06-09 15:36:13',1),(2158,'10',10.00,10.00,10.00,10.00,10.00,10.00,10.00,10.00,10.00,10.00,10.00,10.00,'2020-06-09 15:36:13','2020-06-09 15:36:13',1),(2159,'11',11.00,11.00,11.00,11.00,11.00,11.00,11.00,11.00,11.00,11.00,11.00,11.00,'2020-06-09 15:36:13','2020-06-09 15:36:13',1),(2160,'12',12.00,12.00,12.00,12.00,12.00,12.00,12.00,12.00,12.00,12.00,12.00,12.00,'2020-06-09 15:36:13','2020-06-09 15:36:13',1),(2161,'13',13.00,13.00,13.00,13.00,13.00,13.00,13.00,13.00,13.00,13.00,13.00,13.00,'2020-06-09 15:36:13','2020-06-09 15:36:13',1),(2162,'123',9.00,1212.00,2.00,121.00,-2.00,2.00,2.00,-3.00,-3.00,-2.00,-2.00,4.00,'2020-06-09 16:30:05','2020-06-09 16:30:05',11),(2163,'12',12.00,12.00,12.00,12.00,12.00,12.00,12.00,12.00,12.00,12.00,12.00,12.00,'2020-06-09 16:37:17','2020-06-09 16:37:17',11),(2164,'12',12.00,12.00,12.00,12.00,12.00,12.00,12.00,12.00,12.00,12.00,12.00,12.00,'2020-06-09 16:37:32','2020-06-09 16:37:32',11),(2165,'12',12.00,12.00,12.00,12.00,12.00,12.00,12.00,12.00,12.00,12.00,12.00,12.00,'2020-06-09 16:37:41','2020-06-09 16:37:41',11),(2166,'-12',12.00,12.00,12.00,-12.00,12.00,-12.00,12.00,12.00,-12.00,12.00,12.00,-12.00,'2020-06-09 16:38:00','2020-06-09 16:38:00',11),(2167,'-12',12.00,12.00,12.00,-12.00,12.00,-12.00,12.00,12.00,-12.00,12.00,12.00,-12.00,'2020-06-09 16:38:12','2020-06-09 16:38:12',11),(2168,'-12',12.00,12.00,12.00,-12.00,12.00,-12.00,12.00,12.00,-12.00,12.00,12.00,-12.00,'2020-06-09 16:38:31','2020-06-09 16:38:31',11),(2169,'Test1',2.00,14.00,0.00,12.00,6.00,12.00,13.00,-16.00,57.00,68.00,1.00,78.00,'2020-06-09 16:39:39','2020-06-09 16:39:39',11),(2170,'123',9.00,1212.00,2.00,121.00,-2.00,2.00,2.00,-3.00,-3.00,-2.00,-2.00,4.00,'2020-06-09 16:40:56','2020-06-09 16:40:56',11),(2171,'12',12.00,12.00,12.00,12.00,12.00,12.00,12.00,12.00,12.00,12.00,12.00,12.00,'2020-06-09 16:40:56','2020-06-09 16:40:56',11),(2172,'12',12.00,12.00,12.00,12.00,12.00,12.00,12.00,12.00,12.00,12.00,12.00,12.00,'2020-06-09 16:40:56','2020-06-09 16:40:56',11),(2173,'12',12.00,12.00,12.00,12.00,12.00,12.00,12.00,12.00,12.00,12.00,12.00,12.00,'2020-06-09 16:40:56','2020-06-09 16:40:56',11),(2174,'-12',12.00,12.00,12.00,-12.00,12.00,-12.00,12.00,12.00,-12.00,12.00,12.00,-12.00,'2020-06-09 16:40:56','2020-06-09 16:40:56',11),(2175,'-12',12.00,12.00,12.00,-12.00,12.00,-12.00,12.00,12.00,-12.00,12.00,12.00,-12.00,'2020-06-09 16:40:56','2020-06-09 16:40:56',11),(2176,'-12',12.00,12.00,12.00,-12.00,12.00,-12.00,12.00,12.00,-12.00,12.00,12.00,-12.00,'2020-06-09 16:40:56','2020-06-09 16:40:56',11),(2177,'Test1',2.00,14.00,0.00,12.00,6.00,12.00,13.00,-16.00,57.00,68.00,1.00,78.00,'2020-06-09 16:40:56','2020-06-09 16:40:56',11),(2178,'23',123.00,123.00,12.00,45.00,12.00,45.00,12.00,45.00,45.00,545.00,54.00,45.00,'2020-06-09 16:44:35','2020-06-09 16:44:35',11),(2179,'2',2.00,2.00,12.00,21.00,12.00,2112.00,2.00,12.00,1.00,12.00,12.00,12.00,'2020-06-09 16:53:33','2020-06-09 16:53:33',1),(2180,'2',5.00,4.00,12.00,21.00,12.00,2112.00,2.00,12.00,1.00,12.00,12.00,12.00,'2020-06-09 16:54:15','2020-06-09 16:54:15',1),(2181,'sadf',123.00,324.00,342.00,123.00,4324.00,342.00,12321.00,33434.00,3213.00,234343.00,2321312.00,343.00,'2020-06-18 23:30:39','2020-06-18 23:30:39',4),(2182,'Mini Trail',88.00,1212.00,2154.00,123.00,5412.00,11.00,62.00,231.00,321.00,85645.00,321321.00,321.00,'2020-06-19 03:03:28','2020-06-19 03:03:28',13),(2183,'Mini Trail',88.00,1212.00,2154.00,123.00,5412.00,11.00,62.00,231.00,321.00,85645.00,321321.00,321.00,'2020-06-19 03:04:20','2020-06-19 03:04:20',13);
/*!40000 ALTER TABLE `redshift_tables` ENABLE KEYS */;
UNLOCK TABLES;

--
-- Table structure for table `users`
--

DROP TABLE IF EXISTS `users`;
/*!40101 SET @saved_cs_client     = @@character_set_client */;
/*!40101 SET character_set_client = utf8 */;
CREATE TABLE `users` (
  `id` bigint(20) unsigned NOT NULL AUTO_INCREMENT,
  `name` varchar(191) COLLATE utf8mb4_unicode_ci NOT NULL,
  `email` varchar(191) COLLATE utf8mb4_unicode_ci NOT NULL,
  `institution` varchar(191) COLLATE utf8mb4_unicode_ci NOT NULL,
  `email_verified_at` timestamp NULL DEFAULT NULL,
  `password` varchar(191) COLLATE utf8mb4_unicode_ci NOT NULL,
  `remember_token` varchar(100) COLLATE utf8mb4_unicode_ci DEFAULT NULL,
  `created_at` timestamp NULL DEFAULT NULL,
  `updated_at` timestamp NULL DEFAULT NULL,
  PRIMARY KEY (`id`),
  UNIQUE KEY `users_email_unique` (`email`)
) ENGINE=InnoDB AUTO_INCREMENT=14 DEFAULT CHARSET=utf8mb4 COLLATE=utf8mb4_unicode_ci;
/*!40101 SET character_set_client = @saved_cs_client */;

--
-- Dumping data for table `users`
--

LOCK TABLES `users` WRITE;
/*!40000 ALTER TABLE `users` DISABLE KEYS */;
INSERT INTO `users` VALUES (1,'Test 1 Test','test@gmail.com','WSU',NULL,'$2y$10$qViPjwUQ.X7ajIJt7eVYEuynm.Z0A6o.unI5kRze634LiALmSlRHO',NULL,'2020-05-29 20:54:59','2020-05-29 20:54:59'),(2,'Test','test@gmial.ocm','WSU',NULL,'$2y$10$pxWOG9TOJ7p/FhVZA4h/xO2qnoRqAFMjMfhfd06.wIvp7kj.p8VTC',NULL,'2020-05-30 23:24:12','2020-05-30 23:24:12'),(3,'Andrew Murphy','andrew.murphy.4860@gmail.com','Hnips',NULL,'$2y$10$F0gA8FlQQ///zkadzn1uY./1rS9Rc9EgoYTAdG7ALg765eDJhjKd.',NULL,'2020-06-02 00:48:28','2020-06-02 00:48:28'),(4,'test1','testing@gmail.com','WSU',NULL,'$2y$10$CbQcF/X7tg0YM/Y50QRG2.WDg4q0PFerp6.5t/cCoAJONsRrPrfAC',NULL,'2020-06-04 21:32:40','2020-06-04 21:32:40'),(5,'etet','tetetet@gmail.com','wsu',NULL,'$2y$10$6IGnvU2Akq4wTiJCuUOo4.ca1peVyRxYYNy0/dRe0qTFiSv6mzTqW',NULL,'2020-06-05 01:45:10','2020-06-05 01:45:10'),(6,'sdf','sdfsdf@yahoo.com','wsU',NULL,'$2y$10$aYCySzKkHuHstd4gI5HPCOSXc26IuLkYd.ETBGyQB5oyu8iDDKoWS',NULL,'2020-06-05 03:52:45','2020-06-05 03:52:45'),(7,'wer','wer@gmail.com','WSU',NULL,'$2y$10$9omsBi/SSLS3zugqtgtBpuUfVQyy3ImcYHp8R1/1yHUX5JFGi7Sz6',NULL,'2020-06-07 07:06:25','2020-06-07 07:06:25'),(8,'xcv','xcv@gmail.com','WSU',NULL,'$2y$10$fXL.LG/q7ex3OYf9E/FMk.6a4jjAqpamhWZUxqRRbj9NhFRgJOe3G',NULL,'2020-06-07 22:23:18','2020-06-07 22:23:18'),(9,'Bob','bob@gmail.com','WSU',NULL,'$2y$10$OJ7utnhAPOGSeR/MMVnFSefR7Rqr8/Nt5J8eWfjVIr/viUnjcvr4.',NULL,'2020-06-08 21:11:27','2020-06-08 21:11:27'),(10,'cvb','cvb@gmail.com','wsu',NULL,'$2y$10$7LTT5mCacAByCaIe0zjAnu2498G/jaLPP92aHMK7JxMFMyE/pmdh.',NULL,'2020-06-09 02:35:17','2020-06-09 02:35:17'),(11,'sdf','sdf@yahoo.com','WSU',NULL,'$2y$10$CYEJbYMQF9iXX4M6LTMtYuhstDkGdPSultOqDs3mLEPx7gRZG0xca',NULL,'2020-06-09 15:00:53','2020-06-09 15:00:53'),(12,'test123','test123@test.test','test',NULL,'$2y$10$cvu9MAJbkCDosLLCYcck8eyop1GOMg5QDGhgsmvWG4Ek44DRnpqz6',NULL,'2020-06-09 16:35:51','2020-06-09 16:35:51'),(13,'vbn','vbn@gmail.com','WSU',NULL,'$2y$10$XLy90u5wc9qW/alsxNS7AOFX7XhyYTAiZ8NfdT5jxhUCqVhieZ6rm',NULL,'2020-06-19 03:01:55','2020-06-19 03:01:55');
/*!40000 ALTER TABLE `users` ENABLE KEYS */;
UNLOCK TABLES;
/*!40103 SET TIME_ZONE=@OLD_TIME_ZONE */;

/*!40101 SET SQL_MODE=@OLD_SQL_MODE */;
/*!40014 SET FOREIGN_KEY_CHECKS=@OLD_FOREIGN_KEY_CHECKS */;
/*!40014 SET UNIQUE_CHECKS=@OLD_UNIQUE_CHECKS */;
/*!40101 SET CHARACTER_SET_CLIENT=@OLD_CHARACTER_SET_CLIENT */;
/*!40101 SET CHARACTER_SET_RESULTS=@OLD_CHARACTER_SET_RESULTS */;
/*!40101 SET COLLATION_CONNECTION=@OLD_COLLATION_CONNECTION */;
/*!40111 SET SQL_NOTES=@OLD_SQL_NOTES */;

-- Dump completed on 2020-07-04  1:19:47
